{"mean":{"confidence_interval":{"confidence_level":0.95,"lower_bound":3193218.79,"upper_bound":3210004.680625},"point_estimate":3200489.07625,"standard_error":4310.327660359349},"median":{"confidence_interval":{"confidence_level":0.95,"lower_bound":3188814.0,"upper_bound":3192523.78125},"point_estimate":3190887.8125,"standard_error":909.7130060107418},"median_abs_dev":{"confidence_interval":{"confidence_level":0.95,"lower_bound":4640.019007623197,"upper_bound":8910.85093101951},"point_estimate":6807.682097889483,"standard_error":1117.2685805743645},"slope":null,"std_dev":{"confidence_interval":{"confidence_level":0.95,"lower_bound":9307.623048131012,"upper_bound":64507.57689175218},"point_estimate":43249.81049876521,"standard_error":13324.09849432156}}