{"mean":{"confidence_interval":{"confidence_level":0.95,"lower_bound":216108242.20268452,"upper_bound":217584938.2561508},"point_estimate":216794318.4154365,"standard_error":380577.81922952546},"median":{"confidence_interval":{"confidence_level":0.95,"lower_bound":215791944.7916667,"upper_bound":217861964.9791667},"point_estimate":216404088.125,"standard_error":596643.0219275999},"median_abs_dev":{"confidence_interval":{"confidence_level":0.95,"lower_bound":25496.33352233487,"upper_bound":2054502.7206502855},"point_estimate":1014509.1548513621,"standard_error":692837.345385639},"slope":{"confidence_interval":{"confidence_level":0.95,"lower_bound":216019760.82754508,"upper_bound":217738988.56144577},"point_estimate":216776214.35324675,"standard_error":437545.0090632284},"std_dev":{"confidence_interval":{"confidence_level":0.95,"lower_bound":589599.6925143609,"upper_bound":1588306.2379532228},"point_estimate":1268659.8688567076,"standard_error":264907.16688240104}}