{"mean":{"confidence_interval":{"confidence_level":0.95,"lower_bound":3188384.22959375,"upper_bound":3202808.676171875},"point_estimate":3194377.298125,"standard_error":3782.341752300923},"median":{"confidence_interval":{"confidence_level":0.95,"lower_bound":3185374.90625,"upper_bound":3188780.6875},"point_estimate":3187357.46875,"standard_error":749.3327038888641},"median_abs_dev":{"confidence_interval":{"confidence_level":0.95,"lower_bound":4847.360613942146,"upper_bound":8481.213149428368},"point_estimate":6272.046526148915,"standard_error":889.3654217456369},"slope":null,"std_dev":{"confidence_interval":{"confidence_level":0.95,"lower_bound":7463.820014751968,"upper_bound":58352.4195432932},"point_estimate":37847.79120286823,"standard_error":13892.970628874244}}