{"mean":{"confidence_interval":{"confidence_level":0.95,"lower_bound":3362572.289433333,"upper_bound":3384071.179283333},"point_estimate":3372143.7213333338,"standard_error":5521.001564073012},"median":{"confidence_interval":{"confidence_level":0.95,"lower_bound":3353472.2,"upper_bound":3358457.6},"point_estimate":3354856.3666666667,"standard_error":1322.155629360858},"median_abs_dev":{"confidence_interval":{"confidence_level":0.95,"lower_bound":5018.304390907011,"upper_bound":12893.974291086242},"point_estimate":7545.050106048561,"standard_error":1895.5926837621892},"slope":null,"std_dev":{"confidence_interval":{"confidence_level":0.95,"lower_bound":25007.050736152512,"upper_bound":78958.68055717384},"point_estimate":55602.591912656964,"standard_error":13503.177142859206}}