{"mean":{"confidence_interval":{"confidence_level":0.95,"lower_bound":183037697.93916667,"upper_bound":184073997.9557778},"point_estimate":183524408.7193889,"standard_error":265402.37649964605},"median":{"confidence_interval":{"confidence_level":0.95,"lower_bound":182796389.25,"upper_bound":184335232.33333334},"point_estimate":183211263.29,"standard_error":407240.55752237304},"median_abs_dev":{"confidence_interval":{"confidence_level":0.95,"lower_bound":77168.34640749682,"upper_bound":1510615.380461204},"point_estimate":719428.3606815811,"standard_error":418267.66074122716},"slope":{"confidence_interval":{"confidence_level":0.95,"lower_bound":183134932.3423053,"upper_bound":184580993.02662683},"point_estimate":183850263.62805194,"standard_error":374191.8855076},"std_dev":{"confidence_interval":{"confidence_level":0.95,"lower_bound":408484.95546338934,"upper_bound":1092622.784633116},"point_estimate":887816.554163587,"standard_error":174405.41504607405}}