{"mean":{"confidence_interval":{"confidence_level":0.95,"lower_bound":5444138264.92,"upper_bound":5475489539.7},"point_estimate":5459559216.2,"standard_error":8068811.158667656},"median":{"confidence_interval":{"confidence_level":0.95,"lower_bound":5437005494.0,"upper_bound":5485092345.0},"point_estimate":5455936404.0,"standard_error":12242295.81760906},"median_abs_dev":{"confidence_interval":{"confidence_level":0.95,"lower_bound":3957760.5995357037,"upper_bound":47200275.893327594},"point_estimate":28079236.6650939,"standard_error":10544794.306038765},"slope":null,"std_dev":{"confidence_interval":{"confidence_level":0.95,"lower_bound":16256689.255442824,"upper_bound":33073934.860651616},"point_estimate":26962552.50223277,"standard_error":4327814.225227102}}