{"mean":{"confidence_interval":{"confidence_level":0.95,"lower_bound":176588846.05341783,"upper_bound":179585737.75593928},"point_estimate":178082209.2733492,"standard_error":763304.336277462},"median":{"confidence_interval":{"confidence_level":0.95,"lower_bound":176122684.45,"upper_bound":180222906.62},"point_estimate":177957481.3888889,"standard_error":909238.6938884802},"median_abs_dev":{"confidence_interval":{"confidence_level":0.95,"lower_bound":601332.8324108795,"upper_bound":4809224.361989205},"point_estimate":1876996.1350059712,"standard_error":1093859.673058463},"slope":{"confidence_interval":{"confidence_level":0.95,"lower_bound":177400589.49105266,"upper_bound":180455320.9687747},"point_estimate":178929210.09766233,"standard_error":774763.45026641},"std_dev":{"confidence_interval":{"confidence_level":0.95,"lower_bound":1401488.430718225,"upper_bound":3208960.7781710727},"point_estimate":2537331.549495821,"standard_error":466952.3447211343}}