{"mean":{"confidence_interval":{"confidence_level":0.95,"lower_bound":3925316639.75,"upper_bound":3947589922.84},"point_estimate":3936129504.3,"standard_error":5734945.334831834},"median":{"confidence_interval":{"confidence_level":0.95,"lower_bound":3921182679.75,"upper_bound":3950478240.5},"point_estimate":3932747838.75,"standard_error":6694944.932022559},"median_abs_dev":{"confidence_interval":{"confidence_level":0.95,"lower_bound":1161853.554072976,"upper_bound":33863405.500504375},"point_estimate":17019295.497997105,"standard_error":9477350.313473975},"slope":null,"std_dev":{"confidence_interval":{"confidence_level":0.95,"lower_bound":9560841.04922569,"upper_bound":23743406.759940553},"point_estimate":19078183.825394157,"standard_error":3515730.2373928423}}