{"mean":{"confidence_interval":{"confidence_level":0.95,"lower_bound":193276.20606143645,"upper_bound":195265.39546525193},"point_estimate":194024.63747780575,"standard_error":542.4779708487392},"median":{"confidence_interval":{"confidence_level":0.95,"lower_bound":192964.42527472528,"upper_bound":193083.97613636364},"point_estimate":193013.73565663976,"standard_error":32.89890666491574},"median_abs_dev":{"confidence_interval":{"confidence_level":0.95,"lower_bound":300.4975189911084,"upper_bound":986.1776900161857},"point_estimate":832.9778374987848,"standard_error":159.05958238449395},"slope":{"confidence_interval":{"confidence_level":0.95,"lower_bound":192907.22981133248,"upper_bound":193125.8529114742},"point_estimate":193013.4988579873,"standard_error":55.49540973113787},"std_dev":{"confidence_interval":{"confidence_level":0.95,"lower_bound":1275.3688814035731,"upper_bound":9084.455063405196},"point_estimate":5447.816590643828,"standard_error":2639.306074807923}}