{"mean":{"confidence_interval":{"confidence_level":0.95,"lower_bound":4645900239.955,"upper_bound":4689566601.8},"point_estimate":4665783104.4,"standard_error":11242789.009386733},"median":{"confidence_interval":{"confidence_level":0.95,"lower_bound":4636729825.0,"upper_bound":4708037510.0},"point_estimate":4650045944.0,"standard_error":18247168.58241488},"median_abs_dev":{"confidence_interval":{"confidence_level":0.95,"lower_bound":628898.1524348259,"upper_bound":64533002.29201019},"point_estimate":19925221.469056606,"standard_error":16797817.308231633},"slope":null,"std_dev":{"confidence_interval":{"confidence_level":0.95,"lower_bound":12001036.316820772,"upper_bound":45352224.26846505},"point_estimate":37464584.07397943,"standard_error":7276629.917039878}}