{"mean":{"confidence_interval":{"confidence_level":0.95,"lower_bound":4730211.3223,"upper_bound":4759607.232999998},"point_estimate":4742689.553,"standard_error":7670.124173073833},"median":{"confidence_interval":{"confidence_level":0.95,"lower_bound":4724170.95,"upper_bound":4732857.7},"point_estimate":4729204.699999999,"standard_error":2708.3727176798307},"median_abs_dev":{"confidence_interval":{"confidence_level":0.95,"lower_bound":10795.996488332472,"upper_bound":16543.002472803793},"point_estimate":12868.67125153514,"standard_error":1485.2506996868965},"slope":null,"std_dev":{"confidence_interval":{"confidence_level":0.95,"lower_bound":16691.921059028646,"upper_bound":117679.64063153406},"point_estimate":77007.25373030995,"standard_error":26695.018298815834}}