{"mean":{"confidence_interval":{"confidence_level":0.95,"lower_bound":3817333713.55,"upper_bound":3829602145.65},"point_estimate":3823147794.9,"standard_error":3148206.787402849},"median":{"confidence_interval":{"confidence_level":0.95,"lower_bound":3814555195.5,"upper_bound":3832642583.5},"point_estimate":3820380488.5,"standard_error":4556935.786111889},"median_abs_dev":{"confidence_interval":{"confidence_level":0.95,"lower_bound":2353095.946124196,"upper_bound":16727217.372782528},"point_estimate":9922014.182049036,"standard_error":3884409.9878624342},"slope":null,"std_dev":{"confidence_interval":{"confidence_level":0.95,"lower_bound":5312884.185653156,"upper_bound":13201309.872371497},"point_estimate":10488567.933359357,"standard_error":2007102.8965877604}}