{"mean":{"confidence_interval":{"confidence_level":0.95,"lower_bound":20228416.511538457,"upper_bound":20311376.791538455},"point_estimate":20264957.202307694,"standard_error":21183.869798300704},"median":{"confidence_interval":{"confidence_level":0.95,"lower_bound":20193273.230769232,"upper_bound":20221969.807692308},"point_estimate":20199069.269230768,"standard_error":7856.939733244148},"median_abs_dev":{"confidence_interval":{"confidence_level":0.95,"lower_bound":25809.32843409797,"upper_bound":60695.41902244091},"point_estimate":39791.7287858635,"standard_error":9310.939492741285},"slope":null,"std_dev":{"confidence_interval":{"confidence_level":0.95,"lower_bound":81645.89403047864,"upper_bound":310463.7746403181},"point_estimate":212552.09431799434,"standard_error":57237.95220361034}}