{"mean":{"confidence_interval":{"confidence_level":0.95,"lower_bound":20253323.21594231,"upper_bound":20407590.606153842},"point_estimate":20322188.628461532,"standard_error":39720.3703482064},"median":{"confidence_interval":{"confidence_level":0.95,"lower_bound":20165107.07692308,"upper_bound":20203572.923076924},"point_estimate":20188047.5,"standard_error":9146.786845885079},"median_abs_dev":{"confidence_interval":{"confidence_level":0.95,"lower_bound":43078.88101981279,"upper_bound":100066.60262346268},"point_estimate":75150.14151197085,"standard_error":14129.196654582167},"slope":null,"std_dev":{"confidence_interval":{"confidence_level":0.95,"lower_bound":208613.905178545,"upper_bound":541123.7267334857},"point_estimate":395816.3864830267,"standard_error":83833.5511758064}}