{"mean":{"confidence_interval":{"confidence_level":0.95,"lower_bound":4846182.122568184,"upper_bound":4896140.9799999995},"point_estimate":4868803.1445454545,"standard_error":12817.127049423649},"median":{"confidence_interval":{"confidence_level":0.95,"lower_bound":4822516.181818182,"upper_bound":4830646.136363637},"point_estimate":4826166.454545455,"standard_error":2365.4635762378384},"median_abs_dev":{"confidence_interval":{"confidence_level":0.95,"lower_bound":10702.889209985733,"upper_bound":21280.246006291323},"point_estimate":15205.949675495978,"standard_error":2623.6645192195656},"slope":null,"std_dev":{"confidence_interval":{"confidence_level":0.95,"lower_bound":65147.361830911235,"upper_bound":181081.77088123417},"point_estimate":128574.84103746804,"standard_error":30117.515840754033}}