{"mean":{"confidence_interval":{"confidence_level":0.95,"lower_bound":5244015044.7,"upper_bound":5289651064.8275},"point_estimate":5263594840.1,"standard_error":11859155.822243089},"median":{"confidence_interval":{"confidence_level":0.95,"lower_bound":5233652269.0,"upper_bound":5275931965.0},"point_estimate":5253829349.5,"standard_error":13056597.523411322},"median_abs_dev":{"confidence_interval":{"confidence_level":0.95,"lower_bound":2503665.0929510593,"upper_bound":52143148.56277406},"point_estimate":30186947.48957455,"standard_error":12090413.553138833},"slope":null,"std_dev":{"confidence_interval":{"confidence_level":0.95,"lower_bound":14782838.99689649,"upper_bound":57680619.50630734},"point_estimate":39679904.94787455,"standard_error":13484486.793934762}}