{"mean":{"confidence_interval":{"confidence_level":0.95,"lower_bound":5087.223527076958,"upper_bound":5146.680218070145},"point_estimate":5110.588404304538,"standard_error":15.837321971321991},"median":{"confidence_interval":{"confidence_level":0.95,"lower_bound":5072.478921115568,"upper_bound":5077.295369458128},"point_estimate":5074.019176636171,"standard_error":1.4117987796921632},"median_abs_dev":{"confidence_interval":{"confidence_level":0.95,"lower_bound":3.3074639574361644,"upper_bound":9.422817043483311},"point_estimate":5.296153914035069,"standard_error":1.712118038231964},"slope":{"confidence_interval":{"confidence_level":0.95,"lower_bound":5075.344687045286,"upper_bound":5079.668331081313},"point_estimate":5077.342398833516,"standard_error":1.1050602883065446},"std_dev":{"confidence_interval":{"confidence_level":0.95,"lower_bound":40.76079158761898,"upper_bound":262.34023302151996},"point_estimate":159.654486058462,"standard_error":70.41546448687718}}