{"mean":{"confidence_interval":{"confidence_level":0.95,"lower_bound":1406176639.0039682,"upper_bound":1411885951.2825694},"point_estimate":1408626072.0428176,"standard_error":1505211.5423424584},"median":{"confidence_interval":{"confidence_level":0.95,"lower_bound":1405274112.0,"upper_bound":1410331956.8125},"point_estimate":1406767375.9571428,"standard_error":1592720.0928137545},"median_abs_dev":{"confidence_interval":{"confidence_level":0.95,"lower_bound":31910.493433711148,"upper_bound":5779309.377192425},"point_estimate":2245894.144037309,"standard_error":1919471.048461294},"slope":{"confidence_interval":{"confidence_level":0.95,"lower_bound":1407046633.367445,"upper_bound":1412704137.2067902},"point_estimate":1409291259.1974027,"standard_error":1454711.2369490801},"std_dev":{"confidence_interval":{"confidence_level":0.95,"lower_bound":1545217.2227283127,"upper_bound":7288635.515586328},"point_estimate":5011240.146539107,"standard_error":1719785.1949255916}}