{"mean":{"confidence_interval":{"confidence_level":0.95,"lower_bound":424967.31900153257,"upper_bound":425760.6825935859},"point_estimate":425331.7940034166,"standard_error":203.0265760034716},"median":{"confidence_interval":{"confidence_level":0.95,"lower_bound":424490.4195771144,"upper_bound":424682.39492753625},"point_estimate":424566.3362088797,"standard_error":42.16584008909967},"median_abs_dev":{"confidence_interval":{"confidence_level":0.95,"lower_bound":257.2657234435082,"upper_bound":532.5139885551755},"point_estimate":386.2764635746632,"standard_error":65.58356899594474},"slope":{"confidence_interval":{"confidence_level":0.95,"lower_bound":424701.327951477,"upper_bound":425370.11035841267},"point_estimate":425006.8453130388,"standard_error":172.07132078514377},"std_dev":{"confidence_interval":{"confidence_level":0.95,"lower_bound":1259.8224346288766,"upper_bound":2755.4463247619283},"point_estimate":2051.222123049027,"standard_error":384.8065067054435}}