{"mean":{"confidence_interval":{"confidence_level":0.95,"lower_bound":2747573.875644737,"upper_bound":2756230.7764605265},"point_estimate":2751320.899473685,"standard_error":2245.910189421356},"median":{"confidence_interval":{"confidence_level":0.95,"lower_bound":2744752.7894736845,"upper_bound":2747289.6842105263},"point_estimate":2745873.421052632,"standard_error":672.8755808545782},"median_abs_dev":{"confidence_interval":{"confidence_level":0.95,"lower_bound":4900.8512603611,"upper_bound":7661.569458717157},"point_estimate":6643.062292588694,"standard_error":694.6613617920485},"slope":null,"std_dev":{"confidence_interval":{"confidence_level":0.95,"lower_bound":7934.239376165629,"upper_bound":35064.26273916574},"point_estimate":22731.61222756847,"standard_error":7300.847111474686}}