{"mean":{"confidence_interval":{"confidence_level":0.95,"lower_bound":4628052.827227272,"upper_bound":4701904.1551363645},"point_estimate":4659466.2318181805,"standard_error":19171.842821975424},"median":{"confidence_interval":{"confidence_level":0.95,"lower_bound":4605406.318181818,"upper_bound":4627590.818181818},"point_estimate":4615397.454545455,"standard_error":6526.896644956169},"median_abs_dev":{"confidence_interval":{"confidence_level":0.95,"lower_bound":41051.91284390925,"upper_bound":62471.439009092195},"point_estimate":52746.863609010834,"standard_error":5459.393804406467},"slope":null,"std_dev":{"confidence_interval":{"confidence_level":0.95,"lower_bound":82330.39559309378,"upper_bound":298298.5592042885},"point_estimate":192673.3274535527,"standard_error":62777.36333902381}}