{"mean":{"confidence_interval":{"confidence_level":0.95,"lower_bound":7312295959.6,"upper_bound":7379379073.145},"point_estimate":7344062570.4,"standard_error":17229043.19856229},"median":{"confidence_interval":{"confidence_level":0.95,"lower_bound":7299077903.5,"upper_bound":7400925057.0},"point_estimate":7319043783.5,"standard_error":27515830.056328975},"median_abs_dev":{"confidence_interval":{"confidence_level":0.95,"lower_bound":5605861.72567606,"upper_bound":89293094.21153069},"point_estimate":47625553.024077415,"standard_error":23685866.572560433},"slope":null,"std_dev":{"confidence_interval":{"confidence_level":0.95,"lower_bound":29573920.57347551,"upper_bound":70064106.88777307},"point_estimate":57622927.86444008,"standard_error":10202245.416357335}}