{"mean":{"confidence_interval":{"confidence_level":0.95,"lower_bound":3956106519.43125,"upper_bound":3976880882.75},"point_estimate":3966092754.85,"standard_error":5324157.22819639},"median":{"confidence_interval":{"confidence_level":0.95,"lower_bound":3951286077.25,"upper_bound":3981409257.5},"point_estimate":3958326501.75,"standard_error":9878181.858117566},"median_abs_dev":{"confidence_interval":{"confidence_level":0.95,"lower_bound":1457134.465880692,"upper_bound":28290633.923640847},"point_estimate":13734949.968355894,"standard_error":7369965.106474726},"slope":null,"std_dev":{"confidence_interval":{"confidence_level":0.95,"lower_bound":9675996.859593026,"upper_bound":21751213.420972943},"point_estimate":17712850.390467957,"standard_error":3071787.740434014}}