{"mean":{"confidence_interval":{"confidence_level":0.95,"lower_bound":73651.41227107987,"upper_bound":74337.14952776566},"point_estimate":73977.61219022397,"standard_error":175.74826144316157},"median":{"confidence_interval":{"confidence_level":0.95,"lower_bound":73209.65250965251,"upper_bound":73455.43506493507},"point_estimate":73308.93459821428,"standard_error":65.8221879243418},"median_abs_dev":{"confidence_interval":{"confidence_level":0.95,"lower_bound":411.1122677158836,"upper_bound":873.260319809037},"point_estimate":680.5057006739378,"standard_error":110.18706263018395},"slope":{"confidence_interval":{"confidence_level":0.95,"lower_bound":73961.74724189975,"upper_bound":75158.35463673406},"point_estimate":74550.49368891047,"standard_error":305.7728834642975},"std_dev":{"confidence_interval":{"confidence_level":0.95,"lower_bound":1297.546599156035,"upper_bound":2142.5349981178674},"point_estimate":1760.0073213927876,"standard_error":215.80396622248202}}