{"mean":{"confidence_interval":{"confidence_level":0.95,"lower_bound":4912435.2861136375,"upper_bound":4934739.583636366},"point_estimate":4922908.444545456,"standard_error":5726.838847930135},"median":{"confidence_interval":{"confidence_level":0.95,"lower_bound":4898937.636363637,"upper_bound":4914107.545454546},"point_estimate":4905102.909090909,"standard_error":3393.9556971922907},"median_abs_dev":{"confidence_interval":{"confidence_level":0.95,"lower_bound":21912.153701891228,"upper_bound":43412.885911085265},"point_estimate":29310.799306902205,"standard_error":5491.876935579536},"slope":null,"std_dev":{"confidence_interval":{"confidence_level":0.95,"lower_bound":39909.28944940922,"upper_bound":74541.52406587216},"point_estimate":57300.664282861326,"standard_error":9022.622993289682}}