{"mean":{"confidence_interval":{"confidence_level":0.95,"lower_bound":2738898.580473684,"upper_bound":2773959.5242499993},"point_estimate":2754243.5010526315,"standard_error":9005.558467869983},"median":{"confidence_interval":{"confidence_level":0.95,"lower_bound":2720331.4210526315,"upper_bound":2726008.0263157897},"point_estimate":2722903.263157895,"standard_error":1374.5236177216925},"median_abs_dev":{"confidence_interval":{"confidence_level":0.95,"lower_bound":6390.550156808144,"upper_bound":13812.185194653173},"point_estimate":9496.63806824295,"standard_error":1978.6890877527123},"slope":null,"std_dev":{"confidence_interval":{"confidence_level":0.95,"lower_bound":45779.78952456938,"upper_bound":134396.19295481342},"point_estimate":89965.81623753865,"standard_error":25884.23871933957}}