{"mean":{"confidence_interval":{"confidence_level":0.95,"lower_bound":1412835443.3218155,"upper_bound":1424125471.7271607},"point_estimate":1418132859.6469047,"standard_error":2908975.2793532014},"median":{"confidence_interval":{"confidence_level":0.95,"lower_bound":1410599368.5,"upper_bound":1424808919.5928574},"point_estimate":1416246723.2083335,"standard_error":2889546.397428669},"median_abs_dev":{"confidence_interval":{"confidence_level":0.95,"lower_bound":1302452.5867268443,"upper_bound":16469658.005005358},"point_estimate":5707367.438673914,"standard_error":4048349.2523322008},"slope":{"confidence_interval":{"confidence_level":0.95,"lower_bound":1415236191.8481014,"upper_bound":1425599694.2427745},"point_estimate":1419373878.3688312,"standard_error":2637699.090805284},"std_dev":{"confidence_interval":{"confidence_level":0.95,"lower_bound":4098055.5480381623,"upper_bound":12574730.253262784},"point_estimate":9717297.590171518,"standard_error":2181885.6454622755}}