{"mean":{"confidence_interval":{"confidence_level":0.95,"lower_bound":5152983937.2,"upper_bound":5184547203.9},"point_estimate":5167202883.6,"standard_error":8088469.239136779},"median":{"confidence_interval":{"confidence_level":0.95,"lower_bound":5149104493.0,"upper_bound":5185610345.0},"point_estimate":5154841308.0,"standard_error":8540320.336121572},"median_abs_dev":{"confidence_interval":{"confidence_level":0.95,"lower_bound":1717375.6099104881,"upper_bound":39711332.80648291},"point_estimate":9364089.572954178,"standard_error":8504666.728299906},"slope":null,"std_dev":{"confidence_interval":{"confidence_level":0.95,"lower_bound":5063372.894108236,"upper_bound":34044157.80219052},"point_estimate":27104731.934551604,"standard_error":7168164.087094311}}