{"mean":{"confidence_interval":{"confidence_level":0.95,"lower_bound":5709677935.6,"upper_bound":5750593432.135},"point_estimate":5727676324.1,"standard_error":10638075.617322017},"median":{"confidence_interval":{"confidence_level":0.95,"lower_bound":5708757419.5,"upper_bound":5749141438.5},"point_estimate":5712104115.0,"standard_error":9616423.087281909},"median_abs_dev":{"confidence_interval":{"confidence_level":0.95,"lower_bound":1490943.3050304651,"upper_bound":47699356.850767136},"point_estimate":10926425.255817175,"standard_error":12225164.904733125},"slope":null,"std_dev":{"confidence_interval":{"confidence_level":0.95,"lower_bound":8406375.55160178,"upper_bound":46761476.223476134},"point_estimate":35139703.63862697,"standard_error":10187541.347825712}}