{"mean":{"confidence_interval":{"confidence_level":0.95,"lower_bound":3834536419.70375,"upper_bound":3846835366.1},"point_estimate":3840492151.9,"standard_error":3151708.4790062346},"median":{"confidence_interval":{"confidence_level":0.95,"lower_bound":3831896951.0,"upper_bound":3850075274.0},"point_estimate":3837750148.75,"standard_error":4123976.125355821},"median_abs_dev":{"confidence_interval":{"confidence_level":0.95,"lower_bound":1489439.948657155,"upper_bound":19108563.520105183},"point_estimate":11170946.021676064,"standard_error":4496920.264892312},"slope":null,"std_dev":{"confidence_interval":{"confidence_level":0.95,"lower_bound":5488199.49672347,"upper_bound":13119739.595263865},"point_estimate":10542769.631748348,"standard_error":1907171.226669317}}