{"mean":{"confidence_interval":{"confidence_level":0.95,"lower_bound":181513029.331125,"upper_bound":184070057.321375},"point_estimate":182516325.66,"standard_error":670957.4598235441},"median":{"confidence_interval":{"confidence_level":0.95,"lower_bound":180526871.5,"upper_bound":180907716.5},"point_estimate":180700122.75,"standard_error":93548.71110732926},"median_abs_dev":{"confidence_interval":{"confidence_level":0.95,"lower_bound":333600.5613774061,"upper_bound":865263.1358385086},"point_estimate":554403.4341573715,"standard_error":135041.5812227979},"slope":null,"std_dev":{"confidence_interval":{"confidence_level":0.95,"lower_bound":2099703.6821756065,"upper_bound":10947103.210554654},"point_estimate":6715299.507088587,"standard_error":2863075.853588659}}