{"mean":{"confidence_interval":{"confidence_level":0.95,"lower_bound":185837155.292625,"upper_bound":186740756.79262498},"point_estimate":186248089.61,"standard_error":231195.24217022164},"median":{"confidence_interval":{"confidence_level":0.95,"lower_bound":185266688.5,"upper_bound":185589468.5},"point_estimate":185421047.75,"standard_error":87496.27987137686},"median_abs_dev":{"confidence_interval":{"confidence_level":0.95,"lower_bound":264306.4331576228,"upper_bound":726897.1952649946},"point_estimate":485564.46412950754,"standard_error":129207.65886300508},"slope":null,"std_dev":{"confidence_interval":{"confidence_level":0.95,"lower_bound":1250947.4571839485,"upper_bound":3133689.180305496},"point_estimate":2308174.3122381107,"standard_error":479641.7794380663}}