{"mean":{"confidence_interval":{"confidence_level":0.95,"lower_bound":3614615479.71875,"upper_bound":3678540002.0012503},"point_estimate":3641822655.5,"standard_error":16709105.958450124},"median":{"confidence_interval":{"confidence_level":0.95,"lower_bound":3603976216.0,"upper_bound":3664000592.0},"point_estimate":3620816397.25,"standard_error":15266768.928793235},"median_abs_dev":{"confidence_interval":{"confidence_level":0.95,"lower_bound":5337338.407543302,"upper_bound":68115757.01940358},"point_estimate":25554674.696163833,"standard_error":15990553.120749136},"slope":null,"std_dev":{"confidence_interval":{"confidence_level":0.95,"lower_bound":14261582.110797295,"upper_bound":80803500.8274569},"point_estimate":55680567.33140069,"standard_error":19285705.932640534}}