{"mean":{"confidence_interval":{"confidence_level":0.95,"lower_bound":5487007.5175,"upper_bound":5523476.1280625},"point_estimate":5503640.9425,"standard_error":9339.540470476879},"median":{"confidence_interval":{"confidence_level":0.95,"lower_bound":5469789.625,"upper_bound":5492842.75},"point_estimate":5483803.75,"standard_error":5406.802664917069},"median_abs_dev":{"confidence_interval":{"confidence_level":0.95,"lower_bound":43067.12001040578,"upper_bound":75841.0557307396},"point_estimate":60577.2743370384,"standard_error":8792.295920673341},"slope":null,"std_dev":{"confidence_interval":{"confidence_level":0.95,"lower_bound":56112.90853969704,"upper_bound":126865.29952820348},"point_estimate":92995.94146622322,"standard_error":18627.468107971166}}