{"mean":{"confidence_interval":{"confidence_level":0.95,"lower_bound":3084964280.24375,"upper_bound":3107869340.8149996},"point_estimate":3095361861.4,"standard_error":5893165.540314304},"median":{"confidence_interval":{"confidence_level":0.95,"lower_bound":3081215848.0,"upper_bound":3103926820.0},"point_estimate":3091251547.0,"standard_error":7316434.0370346885},"median_abs_dev":{"confidence_interval":{"confidence_level":0.95,"lower_bound":2909815.2014404535,"upper_bound":29624563.59040886},"point_estimate":16174931.462037563,"standard_error":6489897.333836464},"slope":null,"std_dev":{"confidence_interval":{"confidence_level":0.95,"lower_bound":8843991.450459769,"upper_bound":27526218.028942034},"point_estimate":19718869.484206554,"standard_error":5523053.185358029}}