{"mean":{"confidence_interval":{"confidence_level":0.95,"lower_bound":3227841816.9125,"upper_bound":3239350559.15},"point_estimate":3232973680.75,"standard_error":2964572.0777332443},"median":{"confidence_interval":{"confidence_level":0.95,"lower_bound":3226845433.5,"upper_bound":3236924441.75},"point_estimate":3231441888.0,"standard_error":2318801.559384901},"median_abs_dev":{"confidence_interval":{"confidence_level":0.95,"lower_bound":1138618.6179354787,"upper_bound":13979630.85501194},"point_estimate":4846122.272314131,"standard_error":3236826.4765106197},"slope":null,"std_dev":{"confidence_interval":{"confidence_level":0.95,"lower_bound":3330375.8603086094,"upper_bound":13804709.744324183},"point_estimate":9835118.092833545,"standard_error":2952807.228550552}}