{"mean":{"confidence_interval":{"confidence_level":0.95,"lower_bound":1560354.3998142404,"upper_bound":1565436.8322772235},"point_estimate":1562563.6820390143,"standard_error":1314.2229204765504},"median":{"confidence_interval":{"confidence_level":0.95,"lower_bound":1558724.4199512012,"upper_bound":1560081.5},"point_estimate":1559363.8399331663,"standard_error":314.4772679876468},"median_abs_dev":{"confidence_interval":{"confidence_level":0.95,"lower_bound":2595.701343052003,"upper_bound":4456.474503659481},"point_estimate":3711.9571302104555,"standard_error":477.2469094082892},"slope":{"confidence_interval":{"confidence_level":0.95,"lower_bound":1558579.0071800903,"upper_bound":1565075.5905616959},"point_estimate":1561251.1968513867,"standard_error":1692.2215584016265},"std_dev":{"confidence_interval":{"confidence_level":0.95,"lower_bound":4412.920549017805,"upper_bound":19712.301990830365},"point_estimate":13162.786079570958,"standard_error":3916.9688976215934}}