{"mean":{"confidence_interval":{"confidence_level":0.95,"lower_bound":3688602270.2,"upper_bound":3718807713.47625},"point_estimate":3703163613.25,"standard_error":7749091.438671033},"median":{"confidence_interval":{"confidence_level":0.95,"lower_bound":3682182585.0,"upper_bound":3728570964.75},"point_estimate":3692198564.0,"standard_error":13525141.652632322},"median_abs_dev":{"confidence_interval":{"confidence_level":0.95,"lower_bound":3226930.7337105274,"upper_bound":41334181.54857159},"point_estimate":25064352.939368784,"standard_error":10386984.89566613},"slope":null,"std_dev":{"confidence_interval":{"confidence_level":0.95,"lower_bound":15193861.854266927,"upper_bound":30294587.143596698},"point_estimate":25849388.552035637,"standard_error":3835128.572453128}}