{"mean":{"confidence_interval":{"confidence_level":0.95,"lower_bound":2972416.2322500013,"upper_bound":3015804.7489666664},"point_estimate":2991909.0553333336,"standard_error":11208.674466682394},"median":{"confidence_interval":{"confidence_level":0.95,"lower_bound":2957494.933333333,"upper_bound":2962293.2666666666},"point_estimate":2959475.9,"standard_error":1209.798855190932},"median_abs_dev":{"confidence_interval":{"confidence_level":0.95,"lower_bound":5484.549959629836,"upper_bound":11161.803321838195},"point_estimate":7800.848021507056,"standard_error":1434.084030389359},"slope":null,"std_dev":{"confidence_interval":{"confidence_level":0.95,"lower_bound":59004.81344238845,"upper_bound":160385.69148555087},"point_estimate":112411.4674923646,"standard_error":26784.512430516796}}