{"mean":{"confidence_interval":{"confidence_level":0.95,"lower_bound":320371356.5748056,"upper_bound":325883356.9673988},"point_estimate":322742169.3879763,"standard_error":1444427.391028382},"median":{"confidence_interval":{"confidence_level":0.95,"lower_bound":319846305.53333336,"upper_bound":324690139.2416667},"point_estimate":321746020.6180556,"standard_error":1043140.8155365478},"median_abs_dev":{"confidence_interval":{"confidence_level":0.95,"lower_bound":186056.91042688087,"upper_bound":5331020.954333809},"point_estimate":2446508.790384972,"standard_error":1411272.3528923467},"slope":{"confidence_interval":{"confidence_level":0.95,"lower_bound":320270817.5002707,"upper_bound":322478059.7288136},"point_estimate":321316769.191342,"standard_error":564328.1588664586},"std_dev":{"confidence_interval":{"confidence_level":0.95,"lower_bound":1130510.5481138562,"upper_bound":6797701.585704951},"point_estimate":4799830.9015106205,"standard_error":1609263.8083623124}}