{"mean":{"confidence_interval":{"confidence_level":0.95,"lower_bound":156780238.05492064,"upper_bound":156880461.79436505},"point_estimate":156825637.3581614,"standard_error":25627.604534052774},"median":{"confidence_interval":{"confidence_level":0.95,"lower_bound":156759546.79166666,"upper_bound":156878881.28703704},"point_estimate":156791461.35,"standard_error":28857.02713349272},"median_abs_dev":{"confidence_interval":{"confidence_level":0.95,"lower_bound":2875.103758958388,"upper_bound":122098.55988787116},"point_estimate":49064.97202642851,"standard_error":31026.933276649394},"slope":{"confidence_interval":{"confidence_level":0.95,"lower_bound":156774252.7925532,"upper_bound":156947638.50044563},"point_estimate":156873056.02510822,"standard_error":45946.507230240306},"std_dev":{"confidence_interval":{"confidence_level":0.95,"lower_bound":25752.87466380345,"upper_bound":112078.64140437331},"point_estimate":85463.12528989515,"standard_error":22161.611541448452}}