{"mean":{"confidence_interval":{"confidence_level":0.95,"lower_bound":5584771.349999998,"upper_bound":5608860.187805558},"point_estimate":5595969.8999999985,"standard_error":6176.4462905759865},"median":{"confidence_interval":{"confidence_level":0.95,"lower_bound":5568057.222222222,"upper_bound":5578156.888888888},"point_estimate":5570137.944444444,"standard_error":2691.0718217795784},"median_abs_dev":{"confidence_interval":{"confidence_level":0.95,"lower_bound":12375.097246965617,"upper_bound":27048.428310628016},"point_estimate":17685.52325268625,"standard_error":3453.4562184113},"slope":null,"std_dev":{"confidence_interval":{"confidence_level":0.95,"lower_bound":40544.96316333172,"upper_bound":83708.36651482455},"point_estimate":62244.91183329312,"standard_error":11416.121761402123}}