{"mean":{"confidence_interval":{"confidence_level":0.95,"lower_bound":3422646719.80375,"upper_bound":3514132739.65},"point_estimate":3471703887.0,"standard_error":23533720.300001178},"median":{"confidence_interval":{"confidence_level":0.95,"lower_bound":3399041095.5,"upper_bound":3531930265.0},"point_estimate":3496423116.75,"standard_error":32578428.45348981},"median_abs_dev":{"confidence_interval":{"confidence_level":0.95,"lower_bound":9684405.66791743,"upper_bound":126942985.91481149},"point_estimate":54252032.86513388,"standard_error":30495781.68770862},"slope":null,"std_dev":{"confidence_interval":{"confidence_level":0.95,"lower_bound":31486409.682375655,"upper_bound":100474416.12357804},"point_estimate":78043226.99197093,"standard_error":17212068.623679493}}