{"mean":{"confidence_interval":{"confidence_level":0.95,"lower_bound":183606088.27775946,"upper_bound":184556494.76136506},"point_estimate":184048922.0311984,"standard_error":242647.21003175617},"median":{"confidence_interval":{"confidence_level":0.95,"lower_bound":183392065.4,"upper_bound":184618443.15555555},"point_estimate":183842126.44,"standard_error":415869.99138387287},"median_abs_dev":{"confidence_interval":{"confidence_level":0.95,"lower_bound":9256.439965653557,"upper_bound":1551032.9534716506},"point_estimate":670134.5802367162,"standard_error":427093.2765196537},"slope":{"confidence_interval":{"confidence_level":0.95,"lower_bound":183932726.04827553,"upper_bound":185006003.6363191},"point_estimate":184535584.2664935,"standard_error":269375.0116315411},"std_dev":{"confidence_interval":{"confidence_level":0.95,"lower_bound":430541.5511791509,"upper_bound":1071702.0944679012},"point_estimate":808539.5548429088,"standard_error":180929.92983704162}}