{"mean":{"confidence_interval":{"confidence_level":0.95,"lower_bound":6480465877.655001,"upper_bound":6566772356.9},"point_estimate":6517441595.4,"standard_error":22358649.38604334},"median":{"confidence_interval":{"confidence_level":0.95,"lower_bound":6495110310.0,"upper_bound":6526228567.5},"point_estimate":6501944372.5,"standard_error":8566705.735467875},"median_abs_dev":{"confidence_interval":{"confidence_level":0.95,"lower_bound":3610075.338408351,"upper_bound":72946439.86624181},"point_estimate":12164588.971835375,"standard_error":19600235.34520128},"slope":null,"std_dev":{"confidence_interval":{"confidence_level":0.95,"lower_bound":7563465.747528665,"upper_bound":108697738.02468042},"point_estimate":74059697.97215942,"standard_error":28296614.882254783}}