{"mean":{"confidence_interval":{"confidence_level":0.95,"lower_bound":6225762997.0,"upper_bound":6320594420.0975},"point_estimate":6270813510.0,"standard_error":24480784.31890549},"median":{"confidence_interval":{"confidence_level":0.95,"lower_bound":6202133352.0,"upper_bound":6365933985.0},"point_estimate":6234370821.5,"standard_error":43368099.1826328},"median_abs_dev":{"confidence_interval":{"confidence_level":0.95,"lower_bound":6162784.097188711,"upper_bound":128287437.9642427},"point_estimate":54571138.04656863,"standard_error":35948889.139934205},"slope":null,"std_dev":{"confidence_interval":{"confidence_level":0.95,"lower_bound":40802663.46441085,"upper_bound":94965349.78124285},"point_estimate":81799673.06882067,"standard_error":13139624.255515005}}