{"mean":{"confidence_interval":{"confidence_level":0.95,"lower_bound":5341971.46386111,"upper_bound":5389381.464444445},"point_estimate":5361205.963333336,"standard_error":12387.521256462907},"median":{"confidence_interval":{"confidence_level":0.95,"lower_bound":5337321.777777778,"upper_bound":5343430.777777778},"point_estimate":5340010.833333334,"standard_error":1489.6873180594648},"median_abs_dev":{"confidence_interval":{"confidence_level":0.95,"lower_bound":10984.41847165579,"upper_bound":19078.590661286846},"point_estimate":14658.383573096462,"standard_error":2002.1192403323676},"slope":null,"std_dev":{"confidence_interval":{"confidence_level":0.95,"lower_bound":16663.895852440604,"upper_bound":200356.10883612378},"point_estimate":123507.23850603445,"standard_error":49261.687882404905}}