{"mean":{"confidence_interval":{"confidence_level":0.95,"lower_bound":312573950.6997004,"upper_bound":313968886.0318561},"point_estimate":313206188.2207275,"standard_error":359485.9694437188},"median":{"confidence_interval":{"confidence_level":0.95,"lower_bound":312361776.4285714,"upper_bound":313979655.8},"point_estimate":312541205.5083333,"standard_error":466979.9882696184},"median_abs_dev":{"confidence_interval":{"confidence_level":0.95,"lower_bound":55934.119806966664,"upper_bound":1836837.9745720895},"point_estimate":349308.226253557,"standard_error":523362.91291060526},"slope":{"confidence_interval":{"confidence_level":0.95,"lower_bound":312553723.0962963,"upper_bound":314401336.4874372},"point_estimate":313353997.5281385,"standard_error":482302.8973462722},"std_dev":{"confidence_interval":{"confidence_level":0.95,"lower_bound":413954.589928389,"upper_bound":1564120.643142763},"point_estimate":1197051.3697935485,"standard_error":296374.99515196634}}