{"mean":{"confidence_interval":{"confidence_level":0.95,"lower_bound":4972521106.2,"upper_bound":4995988732.8},"point_estimate":4984489230.2,"standard_error":6006046.389291324},"median":{"confidence_interval":{"confidence_level":0.95,"lower_bound":4971552628.0,"upper_bound":5000330870.0},"point_estimate":4983274975.5,"standard_error":8194263.671225517},"median_abs_dev":{"confidence_interval":{"confidence_level":0.95,"lower_bound":2612752.5751143694,"upper_bound":35920445.505684614},"point_estimate":20037429.082864523,"standard_error":7575668.723315822},"slope":null,"std_dev":{"confidence_interval":{"confidence_level":0.95,"lower_bound":10904500.8968426,"upper_bound":25991686.834527716},"point_estimate":19984639.96817304,"standard_error":3975819.066235671}}