{"mean":{"confidence_interval":{"confidence_level":0.95,"lower_bound":5566533929.8,"upper_bound":5746865645.1075},"point_estimate":5670228327.9,"standard_error":47084432.47723133},"median":{"confidence_interval":{"confidence_level":0.95,"lower_bound":5660210742.0,"upper_bound":5746459696.0},"point_estimate":5683359146.0,"standard_error":25369597.29693138},"median_abs_dev":{"confidence_interval":{"confidence_level":0.95,"lower_bound":11797633.617550135,"upper_bound":156693721.35753036},"point_estimate":51012753.556242585,"standard_error":36419242.99126366},"slope":null,"std_dev":{"confidence_interval":{"confidence_level":0.95,"lower_bound":32696404.98984519,"upper_bound":232214428.8739648},"point_estimate":156675129.24905676,"standard_error":60480385.13474039}}