{"mean":{"confidence_interval":{"confidence_level":0.95,"lower_bound":5137762.563074998,"upper_bound":5166374.805},"point_estimate":5151472.418000001,"standard_error":7286.541998342739},"median":{"confidence_interval":{"confidence_level":0.95,"lower_bound":5114055.9,"upper_bound":5139440.2},"point_estimate":5120723.35,"standard_error":6268.174815735998},"median_abs_dev":{"confidence_interval":{"confidence_level":0.95,"lower_bound":32137.504199445524,"upper_bound":69558.40166509013},"point_estimate":43722.0214837784,"standard_error":9453.300880674093},"slope":null,"std_dev":{"confidence_interval":{"confidence_level":0.95,"lower_bound":55999.842793792704,"upper_bound":90205.17956788106},"point_estimate":73462.34419684572,"standard_error":8825.614322951827}}