{"mean":{"confidence_interval":{"confidence_level":0.95,"lower_bound":5116792596.17,"upper_bound":5158315949.9625},"point_estimate":5136591833.4,"standard_error":10728055.055141853},"median":{"confidence_interval":{"confidence_level":0.95,"lower_bound":5107830498.0,"upper_bound":5168304294.0},"point_estimate":5125980633.5,"standard_error":16941065.836037893},"median_abs_dev":{"confidence_interval":{"confidence_level":0.95,"lower_bound":4998354.5256614685,"upper_bound":58021749.379608035},"point_estimate":28462968.3793813,"standard_error":15065428.679129066},"slope":null,"std_dev":{"confidence_interval":{"confidence_level":0.95,"lower_bound":17379516.116067324,"upper_bound":42754931.3137351},"point_estimate":35792749.96414999,"standard_error":6102355.710731732}}