{"mean":{"confidence_interval":{"confidence_level":0.95,"lower_bound":4838782157.6,"upper_bound":4867099656.3},"point_estimate":4851771527.6,"standard_error":7292230.903559428},"median":{"confidence_interval":{"confidence_level":0.95,"lower_bound":4835340650.5,"upper_bound":4866569729.5},"point_estimate":4841865101.0,"standard_error":9602795.43365758},"median_abs_dev":{"confidence_interval":{"confidence_level":0.95,"lower_bound":1668305.257281661,"upper_bound":38899398.050397635},"point_estimate":17999278.142648935,"standard_error":9799158.185411964},"slope":null,"std_dev":{"confidence_interval":{"confidence_level":0.95,"lower_bound":10635591.334108168,"upper_bound":32979042.386246182},"point_estimate":24372460.39707865,"standard_error":6227151.041756823}}