{"mean":{"confidence_interval":{"confidence_level":0.95,"lower_bound":315290482.27305555,"upper_bound":318148828.4586945},"point_estimate":316603642.4686111,"standard_error":739362.6983903178},"median":{"confidence_interval":{"confidence_level":0.95,"lower_bound":314707566.875,"upper_bound":318544120.8888889},"point_estimate":315651288.25,"standard_error":1027678.4353852388},"median_abs_dev":{"confidence_interval":{"confidence_level":0.95,"lower_bound":97795.80926137159,"upper_bound":4148092.7728999616},"point_estimate":1441396.2656225862,"standard_error":1121815.5722511162},"slope":{"confidence_interval":{"confidence_level":0.95,"lower_bound":315546621.86228454,"upper_bound":318033627.4589372},"point_estimate":316821338.4441559,"standard_error":631805.1255019559},"std_dev":{"confidence_interval":{"confidence_level":0.95,"lower_bound":880737.1115308958,"upper_bound":3328252.1409723395},"point_estimate":2480054.8272746527,"standard_error":629918.5023329521}}