{"mean":{"confidence_interval":{"confidence_level":0.95,"lower_bound":401634642.51682365,"upper_bound":405297801.62464976},"point_estimate":403263024.0958069,"standard_error":950656.8254765532},"median":{"confidence_interval":{"confidence_level":0.95,"lower_bound":400897032.3333333,"upper_bound":405278986.5416667},"point_estimate":402108440.37857145,"standard_error":988199.4801282401},"median_abs_dev":{"confidence_interval":{"confidence_level":0.95,"lower_bound":231835.34396407337,"upper_bound":4675740.153639033},"point_estimate":1822733.8765900554,"standard_error":1093535.2634524896},"slope":{"confidence_interval":{"confidence_level":0.95,"lower_bound":401837924.5627597,"upper_bound":404069195.2037785},"point_estimate":402736136.1004329,"standard_error":583156.3383467303},"std_dev":{"confidence_interval":{"confidence_level":0.95,"lower_bound":766697.5614249065,"upper_bound":4417246.855329103},"point_estimate":3176998.9966248404,"standard_error":941193.9477965207}}