{"mean":{"confidence_interval":{"confidence_level":0.95,"lower_bound":5212109616.7275,"upper_bound":5227054893.655},"point_estimate":5219130692.1,"standard_error":3834806.499472067},"median":{"confidence_interval":{"confidence_level":0.95,"lower_bound":5209397314.0,"upper_bound":5236633594.0},"point_estimate":5213703246.0,"standard_error":6377613.478093322},"median_abs_dev":{"confidence_interval":{"confidence_level":0.95,"lower_bound":918340.2148962021,"upper_bound":17497501.07715726},"point_estimate":7657857.925745845,"standard_error":4475276.449080878},"slope":null,"std_dev":{"confidence_interval":{"confidence_level":0.95,"lower_bound":4683139.704779711,"upper_bound":14793356.624855507},"point_estimate":12826160.026594654,"standard_error":2156665.3910028674}}