{"mean":{"confidence_interval":{"confidence_level":0.95,"lower_bound":2884995.659249999,"upper_bound":2891339.792541668},"point_estimate":2887735.6750000007,"standard_error":1633.150077667107},"median":{"confidence_interval":{"confidence_level":0.95,"lower_bound":2883825.5,"upper_bound":2886122.3333333335},"point_estimate":2884890.833333333,"standard_error":634.5218359104218},"median_abs_dev":{"confidence_interval":{"confidence_level":0.95,"lower_bound":4479.18162047909,"upper_bound":7603.431598344825},"point_estimate":6301.296988129731,"standard_error":791.3794051057876},"slope":null,"std_dev":{"confidence_interval":{"confidence_level":0.95,"lower_bound":7482.94056601791,"upper_bound":25268.069012850192},"point_estimate":16456.394359436086,"standard_error":5284.2850356194485}}