{"mean":{"confidence_interval":{"confidence_level":0.95,"lower_bound":2690964.7292763162,"upper_bound":2700132.846250001},"point_estimate":2694989.500526316,"standard_error":2354.2437640429207},"median":{"confidence_interval":{"confidence_level":0.95,"lower_bound":2688751.1052631577,"upper_bound":2692211.710526316},"point_estimate":2690555.2105263155,"standard_error":833.8770907197097},"median_abs_dev":{"confidence_interval":{"confidence_level":0.95,"lower_bound":4683.22119054016,"upper_bound":7386.1960215002055},"point_estimate":5872.266369430733,"standard_error":705.0021461047431},"slope":null,"std_dev":{"confidence_interval":{"confidence_level":0.95,"lower_bound":9615.871182081319,"upper_bound":34164.051753409665},"point_estimate":23604.27210482612,"standard_error":6293.593865565926}}