{"mean":{"confidence_interval":{"confidence_level":0.95,"lower_bound":373787520.38706344,"upper_bound":377356919.6847355},"point_estimate":375277345.1514021,"standard_error":944157.0894208549},"median":{"confidence_interval":{"confidence_level":0.95,"lower_bound":373206719.61904764,"upper_bound":376137356.1712963},"point_estimate":374280483.3666667,"standard_error":864045.3536003351},"median_abs_dev":{"confidence_interval":{"confidence_level":0.95,"lower_bound":289094.710467524,"upper_bound":3535537.5835483074},"point_estimate":1962307.0936154162,"standard_error":800257.2124467744},"slope":{"confidence_interval":{"confidence_level":0.95,"lower_bound":373650991.2284264,"upper_bound":375650077.09120524},"point_estimate":374635810.5965368,"standard_error":512192.7946035894},"std_dev":{"confidence_interval":{"confidence_level":0.95,"lower_bound":940521.6453147935,"upper_bound":4683164.004352129},"point_estimate":3163310.7245026776,"standard_error":1185484.7366997295}}