{"mean":{"confidence_interval":{"confidence_level":0.95,"lower_bound":4656802273.5,"upper_bound":4697868943.49},"point_estimate":4674650646.9,"standard_error":10710534.750693364},"median":{"confidence_interval":{"confidence_level":0.95,"lower_bound":4653410013.5,"upper_bound":4687113696.5},"point_estimate":4661411954.5,"standard_error":9430380.39328088},"median_abs_dev":{"confidence_interval":{"confidence_level":0.95,"lower_bound":1111592.673665285,"upper_bound":44252371.95726335},"point_estimate":20417358.669519424,"standard_error":11050939.970657514},"slope":null,"std_dev":{"confidence_interval":{"confidence_level":0.95,"lower_bound":11860585.9732853,"upper_bound":51044391.972558156},"point_estimate":35591276.317924455,"standard_error":11693129.367457788}}