{"mean":{"confidence_interval":{"confidence_level":0.95,"lower_bound":89889.35139012113,"upper_bound":90284.02240047322},"point_estimate":90069.61955182394,"standard_error":101.05594021520174},"median":{"confidence_interval":{"confidence_level":0.95,"lower_bound":89635.21856036827,"upper_bound":89758.01080246913},"point_estimate":89647.38541666666,"standard_error":28.56532073469934},"median_abs_dev":{"confidence_interval":{"confidence_level":0.95,"lower_bound":54.48154509758736,"upper_bound":246.1743694133624},"point_estimate":93.11654459684225,"standard_error":45.487477355072926},"slope":{"confidence_interval":{"confidence_level":0.95,"lower_bound":90167.23035961961,"upper_bound":91053.37745990742},"point_estimate":90576.36442145707,"standard_error":228.26462281290395},"std_dev":{"confidence_interval":{"confidence_level":0.95,"lower_bound":532.4836692861927,"upper_bound":1414.2839436984527},"point_estimate":1014.5598505811336,"standard_error":227.4535885115039}}