{"mean":{"confidence_interval":{"confidence_level":0.95,"lower_bound":5522749110.2525,"upper_bound":5563894639.8025},"point_estimate":5540541974.7,"standard_error":10753028.71490806},"median":{"confidence_interval":{"confidence_level":0.95,"lower_bound":5520749335.0,"upper_bound":5553770928.0},"point_estimate":5528341513.0,"standard_error":8530428.71002989},"median_abs_dev":{"confidence_interval":{"confidence_level":0.95,"lower_bound":2221696.07565701,"upper_bound":41947476.81888342},"point_estimate":14005291.695356369,"standard_error":10761142.935007673},"slope":null,"std_dev":{"confidence_interval":{"confidence_level":0.95,"lower_bound":10849312.170471111,"upper_bound":51780861.486781254},"point_estimate":35835950.08377415,"standard_error":12282356.553921543}}