{"mean":{"confidence_interval":{"confidence_level":0.95,"lower_bound":2896307.929027778,"upper_bound":2908522.596458333},"point_estimate":2901466.8538888884,"standard_error":3165.2397337794505},"median":{"confidence_interval":{"confidence_level":0.95,"lower_bound":2891712.8055555555,"upper_bound":2894709.5555555555},"point_estimate":2892490.1944444445,"standard_error":760.147873255135},"median_abs_dev":{"confidence_interval":{"confidence_level":0.95,"lower_bound":3778.323666254756,"upper_bound":7465.631137875279},"point_estimate":4911.730162799128,"standard_error":926.7947270418671},"slope":null,"std_dev":{"confidence_interval":{"confidence_level":0.95,"lower_bound":12507.51209656439,"upper_bound":49974.53514803485},"point_estimate":31906.024800988598,"standard_error":11114.527183640932}}