{"mean":{"confidence_interval":{"confidence_level":0.95,"lower_bound":3062543869.7,"upper_bound":3080864856.84875},"point_estimate":3071262041.95,"standard_error":4695008.67349061},"median":{"confidence_interval":{"confidence_level":0.95,"lower_bound":3058674369.0,"upper_bound":3087869529.5},"point_estimate":3066993443.75,"standard_error":7171474.751015956},"median_abs_dev":{"confidence_interval":{"confidence_level":0.95,"lower_bound":3112351.3305947185,"upper_bound":24558012.431158125},"point_estimate":13169445.566895604,"standard_error":6035845.529183519},"slope":null,"std_dev":{"confidence_interval":{"confidence_level":0.95,"lower_bound":7242729.11047781,"upper_bound":18542650.008443028},"point_estimate":15648226.200206207,"standard_error":2603085.850902576}}