{"mean":{"confidence_interval":{"confidence_level":0.95,"lower_bound":5839786801.155,"upper_bound":6213362759.9},"point_estimate":5979794680.8,"standard_error":105531360.3499868},"median":{"confidence_interval":{"confidence_level":0.95,"lower_bound":5812063329.0,"upper_bound":5956270911.5},"point_estimate":5853809477.5,"standard_error":43754250.07961952},"median_abs_dev":{"confidence_interval":{"confidence_level":0.95,"lower_bound":4249613.369554281,"upper_bound":161093141.07622504},"point_estimate":61975063.66182268,"standard_error":48764659.037494965},"slope":null,"std_dev":{"confidence_interval":{"confidence_level":0.95,"lower_bound":31786825.360066097,"upper_bound":542537154.7652774},"point_estimate":354487121.8966416,"standard_error":172792121.27180192}}