{"mean":{"confidence_interval":{"confidence_level":0.95,"lower_bound":5569709997.4625,"upper_bound":5628091578.647499},"point_estimate":5598079015.2,"standard_error":14900081.549234439},"median":{"confidence_interval":{"confidence_level":0.95,"lower_bound":5566366998.0,"upper_bound":5635433959.0},"point_estimate":5592941837.5,"standard_error":13850524.023961088},"median_abs_dev":{"confidence_interval":{"confidence_level":0.95,"lower_bound":7346973.019865155,"upper_bound":87759547.65495658},"point_estimate":32442452.03373134,"standard_error":22220314.985745195},"slope":null,"std_dev":{"confidence_interval":{"confidence_level":0.95,"lower_bound":20567354.011140063,"upper_bound":64966567.400702536},"point_estimate":49606917.11997559,"standard_error":10762959.869149005}}