{"mean":{"confidence_interval":{"confidence_level":0.95,"lower_bound":6148841941.6,"upper_bound":6218451029.085},"point_estimate":6182298829.9,"standard_error":17838390.881262723},"median":{"confidence_interval":{"confidence_level":0.95,"lower_bound":6131045635.0,"upper_bound":6242593271.0},"point_estimate":6157681012.5,"standard_error":35399822.318978354},"median_abs_dev":{"confidence_interval":{"confidence_level":0.95,"lower_bound":3560792.973983288,"upper_bound":95760875.81010461},"point_estimate":46982003.07740271,"standard_error":27712443.766017333},"slope":null,"std_dev":{"confidence_interval":{"confidence_level":0.95,"lower_bound":35241910.96176819,"upper_bound":67727953.01327904},"point_estimate":59194616.8255005,"standard_error":8081483.28892256}}