{"mean":{"confidence_interval":{"confidence_level":0.95,"lower_bound":5747209608.6,"upper_bound":5804274047.345},"point_estimate":5774377370.5,"standard_error":14639002.827278996},"median":{"confidence_interval":{"confidence_level":0.95,"lower_bound":5736526028.0,"upper_bound":5834419737.0},"point_estimate":5758891385.5,"standard_error":21801718.26399003},"median_abs_dev":{"confidence_interval":{"confidence_level":0.95,"lower_bound":7649444.170895219,"upper_bound":76315891.45282209},"point_estimate":38324213.7537092,"standard_error":20281188.500761125},"slope":null,"std_dev":{"confidence_interval":{"confidence_level":0.95,"lower_bound":22604357.070567954,"upper_bound":58134697.25396843},"point_estimate":48846999.62344013,"standard_error":8125662.46792243}}