{"mean":{"confidence_interval":{"confidence_level":0.95,"lower_bound":5256803355.1,"upper_bound":5279047268.8},"point_estimate":5267448686.1,"standard_error":5700509.515498064},"median":{"confidence_interval":{"confidence_level":0.95,"lower_bound":5251176899.0,"upper_bound":5287289936.0},"point_estimate":5262704469.5,"standard_error":8448992.10991786},"median_abs_dev":{"confidence_interval":{"confidence_level":0.95,"lower_bound":4709761.99298501,"upper_bound":31263069.700169563},"point_estimate":18037031.809678674,"standard_error":7278819.56740705},"slope":null,"std_dev":{"confidence_interval":{"confidence_level":0.95,"lower_bound":9629177.948052574,"upper_bound":23083118.30650873},"point_estimate":19021880.06573911,"standard_error":3242980.1896389276}}