{"mean":{"confidence_interval":{"confidence_level":0.95,"lower_bound":262530539.38606766,"upper_bound":264172570.06698412},"point_estimate":263311061.38707337,"standard_error":423215.97060542373},"median":{"confidence_interval":{"confidence_level":0.95,"lower_bound":262150242.0885417,"upper_bound":264443028.5486111},"point_estimate":262674257.275,"standard_error":799943.2272415002},"median_abs_dev":{"confidence_interval":{"confidence_level":0.95,"lower_bound":102133.71763678614,"upper_bound":2365856.34521763},"point_estimate":937966.4779877678,"standard_error":689853.8555970535},"slope":{"confidence_interval":{"confidence_level":0.95,"lower_bound":262492456.91295058,"upper_bound":264660681.52557564},"point_estimate":263804064.63116884,"standard_error":517944.35346334975},"std_dev":{"confidence_interval":{"confidence_level":0.95,"lower_bound":756309.4446050968,"upper_bound":1756991.4913281268},"point_estimate":1405600.4779305842,"standard_error":254167.84406023152}}