{"mean":{"confidence_interval":{"confidence_level":0.95,"lower_bound":52453.06906744546,"upper_bound":52860.76301619022},"point_estimate":52640.27582904458,"standard_error":104.32063074740827},"median":{"confidence_interval":{"confidence_level":0.95,"lower_bound":52313.19987468672,"upper_bound":52352.29122807017},"point_estimate":52322.666285278414,"standard_error":10.540928028413724},"median_abs_dev":{"confidence_interval":{"confidence_level":0.95,"lower_bound":50.60384889520179,"upper_bound":137.59206098428683},"point_estimate":75.4493103564104,"standard_error":26.43889148128075},"slope":{"confidence_interval":{"confidence_level":0.95,"lower_bound":52417.35559973688,"upper_bound":53079.71082264892},"point_estimate":52725.78818212222,"standard_error":168.7669599432619},"std_dev":{"confidence_interval":{"confidence_level":0.95,"lower_bound":621.425438040027,"upper_bound":1413.2939732193738},"point_estimate":1047.9102967581916,"standard_error":202.17671459230286}}