{"mean":{"confidence_interval":{"confidence_level":0.95,"lower_bound":3517775199.1,"upper_bound":3542438602.4},"point_estimate":3529178058.85,"standard_error":6323021.130159199},"median":{"confidence_interval":{"confidence_level":0.95,"lower_bound":3512966713.5,"upper_bound":3544401861.0},"point_estimate":3521752238.5,"standard_error":9222279.891448533},"median_abs_dev":{"confidence_interval":{"confidence_level":0.95,"lower_bound":3086072.2460612655,"upper_bound":36035723.58403802},"point_estimate":18952863.09476942,"standard_error":8474173.713559186},"slope":null,"std_dev":{"confidence_interval":{"confidence_level":0.95,"lower_bound":10149183.404299527,"upper_bound":27616606.115743324},"point_estimate":21084373.427230105,"standard_error":4708128.922080071}}