{"mean":{"confidence_interval":{"confidence_level":0.95,"lower_bound":3316644361.55,"upper_bound":3333698829.505},"point_estimate":3324967563.65,"standard_error":4345487.971911015},"median":{"confidence_interval":{"confidence_level":0.95,"lower_bound":3315189830.25,"upper_bound":3332960090.5},"point_estimate":3324763813.5,"standard_error":5088906.60400306},"median_abs_dev":{"confidence_interval":{"confidence_level":0.95,"lower_bound":2670752.256734669,"upper_bound":24934368.95187646},"point_estimate":11921245.019705594,"standard_error":5432843.7968898},"slope":null,"std_dev":{"confidence_interval":{"confidence_level":0.95,"lower_bound":6799856.782036312,"upper_bound":19742828.74913367},"point_estimate":14526374.062747153,"standard_error":3372577.734020838}}