{"mean":{"confidence_interval":{"confidence_level":0.95,"lower_bound":175529021.25,"upper_bound":176466657.1245},"point_estimate":175983139.585,"standard_error":240318.4627975315},"median":{"confidence_interval":{"confidence_level":0.95,"lower_bound":174538808.5,"upper_bound":175486489.25},"point_estimate":175002262.25,"standard_error":276585.0899782309},"median_abs_dev":{"confidence_interval":{"confidence_level":0.95,"lower_bound":749590.3152421117,"upper_bound":1936463.4851709008},"point_estimate":1319613.681422174,"standard_error":335794.0383292665},"slope":null,"std_dev":{"confidence_interval":{"confidence_level":0.95,"lower_bound":1920974.8832531918,"upper_bound":2842380.1424340587},"point_estimate":2422915.246216955,"standard_error":235684.49181492935}}