{"mean":{"confidence_interval":{"confidence_level":0.95,"lower_bound":178009559.29,"upper_bound":179598233.24499997},"point_estimate":178680396.025,"standard_error":410189.6780616297},"median":{"confidence_interval":{"confidence_level":0.95,"lower_bound":177190524.75,"upper_bound":177721185.5},"point_estimate":177407940.75,"standard_error":149808.8438024205},"median_abs_dev":{"confidence_interval":{"confidence_level":0.95,"lower_bound":355161.6421446204,"upper_bound":1076074.3967458606},"point_estimate":634894.528028369,"standard_error":201928.7162235766},"slope":null,"std_dev":{"confidence_interval":{"confidence_level":0.95,"lower_bound":1707821.3051604922,"upper_bound":6316505.901387425},"point_estimate":4078386.4078588327,"standard_error":1325510.1543331551}}