{"mean":{"confidence_interval":{"confidence_level":0.95,"lower_bound":6095405178.8875,"upper_bound":6134080390.2},"point_estimate":6113991015.4,"standard_error":9930176.196331719},"median":{"confidence_interval":{"confidence_level":0.95,"lower_bound":6085629695.5,"upper_bound":6143799393.0},"point_estimate":6102182693.5,"standard_error":17696008.692069102},"median_abs_dev":{"confidence_interval":{"confidence_level":0.95,"lower_bound":3135533.6344331503,"upper_bound":53650357.472115755},"point_estimate":35811482.56191909,"standard_error":13332322.027568998},"slope":null,"std_dev":{"confidence_interval":{"confidence_level":0.95,"lower_bound":20000268.461268533,"upper_bound":39568483.95473203},"point_estimate":33178875.771237183,"standard_error":5012933.916503566}}