{"mean":{"confidence_interval":{"confidence_level":0.95,"lower_bound":2704534.2233947357,"upper_bound":2718424.21843421},"point_estimate":2710308.442631579,"standard_error":3643.4747494509847},"median":{"confidence_interval":{"confidence_level":0.95,"lower_bound":2703322.0263157897,"upper_bound":2704775.1052631577},"point_estimate":2703849.263157895,"standard_error":408.42818759709644},"median_abs_dev":{"confidence_interval":{"confidence_level":0.95,"lower_bound":3005.269162435571,"upper_bound":5691.467204219399},"point_estimate":4286.079476538621,"standard_error":706.8515072445016},"slope":null,"std_dev":{"confidence_interval":{"confidence_level":0.95,"lower_bound":4405.924739905897,"upper_bound":57357.449703682745},"point_estimate":36636.10724214918,"standard_error":13789.110580025515}}