{"mean":{"confidence_interval":{"confidence_level":0.95,"lower_bound":37652.65984612698,"upper_bound":37994.96524151948},"point_estimate":37809.89210151917,"standard_error":87.54555314017261},"median":{"confidence_interval":{"confidence_level":0.95,"lower_bound":37471.41867954911,"upper_bound":37511.34361308116},"point_estimate":37496.3864498645,"standard_error":11.440299160366639},"median_abs_dev":{"confidence_interval":{"confidence_level":0.95,"lower_bound":61.62202854007336,"upper_bound":115.82648166747177},"point_estimate":82.64768093870534,"standard_error":13.999711521027303},"slope":{"confidence_interval":{"confidence_level":0.95,"lower_bound":37654.546314563166,"upper_bound":37962.913341499014},"point_estimate":37791.41565615268,"standard_error":79.09979566341022},"std_dev":{"confidence_interval":{"confidence_level":0.95,"lower_bound":517.9304174526715,"upper_bound":1201.1793637217195},"point_estimate":877.453410411385,"standard_error":176.71759030228296}}