{"mean":{"confidence_interval":{"confidence_level":0.95,"lower_bound":5987531.153138893,"upper_bound":6065224.567111113},"point_estimate":6022401.9611111125,"standard_error":19965.088854204823},"median":{"confidence_interval":{"confidence_level":0.95,"lower_bound":5935808.777777778,"upper_bound":5949821.333333334},"point_estimate":5943185.055555556,"standard_error":3538.9817513767593},"median_abs_dev":{"confidence_interval":{"confidence_level":0.95,"lower_bound":15820.989052454477,"upper_bound":36490.327118834015},"point_estimate":25033.618188898537,"standard_error":5410.070015415292},"slope":null,"std_dev":{"confidence_interval":{"confidence_level":0.95,"lower_bound":109836.28475498788,"upper_bound":289252.69056824315},"point_estimate":201003.49588755463,"standard_error":48299.31868223564}}