{"mean":{"confidence_interval":{"confidence_level":0.95,"lower_bound":5978181.756944444,"upper_bound":6052663.916638886},"point_estimate":6010712.028888889,"standard_error":19210.739711843373},"median":{"confidence_interval":{"confidence_level":0.95,"lower_bound":5958839.0,"upper_bound":5967589.888888889},"point_estimate":5962894.5,"standard_error":2146.794168342031},"median_abs_dev":{"confidence_interval":{"confidence_level":0.95,"lower_bound":10667.718643943776,"upper_bound":18943.92116367886},"point_estimate":14591.337107618343,"standard_error":2179.490353504138},"slope":null,"std_dev":{"confidence_interval":{"confidence_level":0.95,"lower_bound":69802.85324900382,"upper_bound":285570.02128087246},"point_estimate":192994.37783841582,"standard_error":55840.13350368144}}