{"mean":{"confidence_interval":{"confidence_level":0.95,"lower_bound":6605979211.3,"upper_bound":6674162146.2675},"point_estimate":6633245267.5,"standard_error":18245740.361110747},"median":{"confidence_interval":{"confidence_level":0.95,"lower_bound":6594679941.0,"upper_bound":6641635518.0},"point_estimate":6619774117.5,"standard_error":12235683.676328123},"median_abs_dev":{"confidence_interval":{"confidence_level":0.95,"lower_bound":5017017.494130135,"upper_bound":54182318.04917157},"point_estimate":33658874.16243553,"standard_error":12017596.422263773},"slope":null,"std_dev":{"confidence_interval":{"confidence_level":0.95,"lower_bound":15109545.926665956,"upper_bound":91712056.82189423},"point_estimate":60761806.93914873,"standard_error":25286148.99462871}}