{"mean":{"confidence_interval":{"confidence_level":0.95,"lower_bound":5068596358.92,"upper_bound":5086741018.8675},"point_estimate":5076342705.6,"standard_error":4757942.012308942},"median":{"confidence_interval":{"confidence_level":0.95,"lower_bound":5066295558.0,"upper_bound":5082233693.5},"point_estimate":5071444203.0,"standard_error":3973143.2620117743},"median_abs_dev":{"confidence_interval":{"confidence_level":0.95,"lower_bound":1205770.3891932964,"upper_bound":17277993.99675429},"point_estimate":7504206.453573704,"standard_error":4536493.562107279},"slope":null,"std_dev":{"confidence_interval":{"confidence_level":0.95,"lower_bound":3923465.0974655463,"upper_bound":22835592.482361097},"point_estimate":15865626.983249532,"standard_error":5507676.331119495}}