{"mean":{"confidence_interval":{"confidence_level":0.95,"lower_bound":327751.8170747665,"upper_bound":328529.35622989567},"point_estimate":328034.27299092145,"standard_error":224.3569650192126},"median":{"confidence_interval":{"confidence_level":0.95,"lower_bound":327678.88333333336,"upper_bound":327715.9236947791},"point_estimate":327702.9540229885,"standard_error":8.38454939226335},"median_abs_dev":{"confidence_interval":{"confidence_level":0.95,"lower_bound":57.66549064291531,"upper_bound":110.80799282043456},"point_estimate":86.80151195602265,"standard_error":13.817090827457085},"slope":{"confidence_interval":{"confidence_level":0.95,"lower_bound":327736.5985590214,"upper_bound":327875.7022117907},"point_estimate":327801.0814009162,"standard_error":35.67669684076892},"std_dev":{"confidence_interval":{"confidence_level":0.95,"lower_bound":234.59704751233443,"upper_bound":3813.2961426645993},"point_estimate":2248.572073845907,"standard_error":1214.1834827423786}}