{"mean":{"confidence_interval":{"confidence_level":0.95,"lower_bound":2835333208.1549997,"upper_bound":2862087554.9},"point_estimate":2847575427.1,"standard_error":6846483.557707055},"median":{"confidence_interval":{"confidence_level":0.95,"lower_bound":2831073267.75,"upper_bound":2867993744.0},"point_estimate":2839510999.0,"standard_error":9110726.686129846},"median_abs_dev":{"confidence_interval":{"confidence_level":0.95,"lower_bound":2302868.7948659062,"upper_bound":38494724.611482024},"point_estimate":13753731.174172461,"standard_error":8736278.54993236},"slope":null,"std_dev":{"confidence_interval":{"confidence_level":0.95,"lower_bound":8923115.221097467,"upper_bound":29892453.72971186},"point_estimate":22897527.573701717,"standard_error":5278252.986368581}}