{"mean":{"confidence_interval":{"confidence_level":0.95,"lower_bound":5516692166.8,"upper_bound":5595265909.6125},"point_estimate":5552750072.2,"standard_error":20150315.758895665},"median":{"confidence_interval":{"confidence_level":0.95,"lower_bound":5504165434.0,"upper_bound":5587778788.0},"point_estimate":5535298681.0,"standard_error":21832177.230252743},"median_abs_dev":{"confidence_interval":{"confidence_level":0.95,"lower_bound":1936830.0580143929,"upper_bound":99875301.26625896},"point_estimate":49205095.762234926,"standard_error":23358838.427021436},"slope":null,"std_dev":{"confidence_interval":{"confidence_level":0.95,"lower_bound":28159228.77564671,"upper_bound":91725955.89737235},"point_estimate":67105270.996789075,"standard_error":17837117.182850923}}