{"mean":{"confidence_interval":{"confidence_level":0.95,"lower_bound":3070.085543140511,"upper_bound":3083.4877467565834},"point_estimate":3075.992297002426,"standard_error":3.3887825763756747},"median":{"confidence_interval":{"confidence_level":0.95,"lower_bound":3068.615141955836,"upper_bound":3070.1585129552404},"point_estimate":3069.0512868659557,"standard_error":0.36882054286627247},"median_abs_dev":{"confidence_interval":{"confidence_level":0.95,"lower_bound":1.555122050765445,"upper_bound":2.910706337836987},"point_estimate":2.201719588906852,"standard_error":0.32556700546618506},"slope":{"confidence_interval":{"confidence_level":0.95,"lower_bound":3069.1680386677594,"upper_bound":3070.6238021877716},"point_estimate":3069.847275677707,"standard_error":0.37226655826455446},"std_dev":{"confidence_interval":{"confidence_level":0.95,"lower_bound":3.578441984151462,"upper_bound":50.25864967579937},"point_estimate":34.01793630915118,"standard_error":10.75592783377535}}