{"mean":{"confidence_interval":{"confidence_level":0.95,"lower_bound":26541929.903824985,"upper_bound":26572759.69799999},"point_estimate":26557031.066999994,"standard_error":7877.975257121212},"median":{"confidence_interval":{"confidence_level":0.95,"lower_bound":26539942.6,"upper_bound":26576607.3},"point_estimate":26557494.75,"standard_error":9146.56741152424},"median_abs_dev":{"confidence_interval":{"confidence_level":0.95,"lower_bound":51784.40014064257,"upper_bound":93780.08221507183},"point_estimate":67170.30375748873,"standard_error":10749.844401470911},"slope":null,"std_dev":{"confidence_interval":{"confidence_level":0.95,"lower_bound":65594.93354015659,"upper_bound":92154.53725215537},"point_estimate":78928.3561461311,"standard_error":6817.171252212182}}