{"mean":{"confidence_interval":{"confidence_level":0.95,"lower_bound":251100695.93224847,"upper_bound":251569047.28488097},"point_estimate":251320452.5440476,"standard_error":120838.94294991155},"median":{"confidence_interval":{"confidence_level":0.95,"lower_bound":251012609.60714287,"upper_bound":251730028.08333334},"point_estimate":251178878.7708333,"standard_error":178092.17917391565},"median_abs_dev":{"confidence_interval":{"confidence_level":0.95,"lower_bound":31841.292197195646,"upper_bound":622914.1163973432},"point_estimate":254171.2848687719,"standard_error":154568.28845243176},"slope":{"confidence_interval":{"confidence_level":0.95,"lower_bound":251042443.69658503,"upper_bound":251622653.28372592},"point_estimate":251338335.5357143,"standard_error":154048.67155453088},"std_dev":{"confidence_interval":{"confidence_level":0.95,"lower_bound":139026.7432848063,"upper_bound":492774.10964960704},"point_estimate":402647.795037293,"standard_error":78583.33389287665}}