{"mean":{"confidence_interval":{"confidence_level":0.95,"lower_bound":6506533017.6,"upper_bound":6556632353.5925},"point_estimate":6531528476.5,"standard_error":12854090.948654005},"median":{"confidence_interval":{"confidence_level":0.95,"lower_bound":6490222833.0,"upper_bound":6568763461.0},"point_estimate":6537725676.0,"standard_error":23059902.323585883},"median_abs_dev":{"confidence_interval":{"confidence_level":0.95,"lower_bound":9330894.900843501,"upper_bound":69664901.26900077},"point_estimate":64764515.46700001,"standard_error":16724542.613993151},"slope":null,"std_dev":{"confidence_interval":{"confidence_level":0.95,"lower_bound":27657162.676395174,"upper_bound":50045901.78705511},"point_estimate":42648149.08566292,"standard_error":5767637.909926088}}