{"mean":{"confidence_interval":{"confidence_level":0.95,"lower_bound":5872644458.6,"upper_bound":5931632514.9},"point_estimate":5897914994.5,"standard_error":15320878.086879363},"median":{"confidence_interval":{"confidence_level":0.95,"lower_bound":5863170063.0,"upper_bound":5909311584.0},"point_estimate":5890548092.5,"standard_error":11313763.168360678},"median_abs_dev":{"confidence_interval":{"confidence_level":0.95,"lower_bound":6670701.350471377,"upper_bound":59824994.21479404},"point_estimate":29398018.978580832,"standard_error":13405097.44097124},"slope":null,"std_dev":{"confidence_interval":{"confidence_level":0.95,"lower_bound":16876782.77501938,"upper_bound":74818599.94378278},"point_estimate":51278948.66255277,"standard_error":17901703.414232906}}