{"mean":{"confidence_interval":{"confidence_level":0.95,"lower_bound":2886909.8467916665,"upper_bound":2935912.649583333},"point_estimate":2905375.907222222,"standard_error":13310.383229806215},"median":{"confidence_interval":{"confidence_level":0.95,"lower_bound":2882028.111111111,"upper_bound":2884597.888888889},"point_estimate":2883661.777777778,"standard_error":712.0709152812644},"median_abs_dev":{"confidence_interval":{"confidence_level":0.95,"lower_bound":4739.367620025852,"upper_bound":7856.873827179426},"point_estimate":6816.418112317568,"standard_error":832.4042528710543},"slope":null,"std_dev":{"confidence_interval":{"confidence_level":0.95,"lower_bound":23363.207441840234,"upper_bound":224742.27757724386},"point_estimate":134613.16008532938,"standard_error":64781.32013708524}}