{"mean":{"confidence_interval":{"confidence_level":0.95,"lower_bound":4742214088.3,"upper_bound":4768465461.2},"point_estimate":4755975376.2,"standard_error":6701669.234017159},"median":{"confidence_interval":{"confidence_level":0.95,"lower_bound":4740229334.5,"upper_bound":4774638718.0},"point_estimate":4759982713.0,"standard_error":9827696.308616346},"median_abs_dev":{"confidence_interval":{"confidence_level":0.95,"lower_bound":4526300.6244421005,"upper_bound":37048013.194066286},"point_estimate":22262466.938862205,"standard_error":8991806.668136586},"slope":null,"std_dev":{"confidence_interval":{"confidence_level":0.95,"lower_bound":11506995.218681214,"upper_bound":28157663.535260968},"point_estimate":22166445.778216593,"standard_error":4374053.8013940565}}