{"mean":{"confidence_interval":{"confidence_level":0.95,"lower_bound":5050178937.8550005,"upper_bound":5077317762.7},"point_estimate":5064169989.3,"standard_error":6917166.004658541},"median":{"confidence_interval":{"confidence_level":0.95,"lower_bound":5048394621.0,"upper_bound":5084448645.0},"point_estimate":5063236174.5,"standard_error":8327669.843215717},"median_abs_dev":{"confidence_interval":{"confidence_level":0.95,"lower_bound":5289916.706085205,"upper_bound":43497363.10976744},"point_estimate":21748681.55488372,"standard_error":10090650.696729437},"slope":null,"std_dev":{"confidence_interval":{"confidence_level":0.95,"lower_bound":12782099.999548584,"upper_bound":30035831.40211319},"point_estimate":23010408.436047632,"standard_error":4555354.084804926}}