{"mean":{"confidence_interval":{"confidence_level":0.95,"lower_bound":6151059660.075001,"upper_bound":6189397510.3},"point_estimate":6168773229.2,"standard_error":9831502.865482407},"median":{"confidence_interval":{"confidence_level":0.95,"lower_bound":6147140044.0,"upper_bound":6194663566.0},"point_estimate":6161112330.0,"standard_error":9691642.543455884},"median_abs_dev":{"confidence_interval":{"confidence_level":0.95,"lower_bound":4257738.758710027,"upper_bound":49008960.387817025},"point_estimate":18598155.86951673,"standard_error":11001258.73955037},"slope":null,"std_dev":{"confidence_interval":{"confidence_level":0.95,"lower_bound":10084099.058690418,"upper_bound":41906221.09329899},"point_estimate":32951346.857394047,"standard_error":8039991.83785347}}