{"mean":{"confidence_interval":{"confidence_level":0.95,"lower_bound":3221584180.3525,"upper_bound":3265900190.84375},"point_estimate":3243766317.55,"standard_error":11363485.059370935},"median":{"confidence_interval":{"confidence_level":0.95,"lower_bound":3212219217.75,"upper_bound":3288207605.0},"point_estimate":3240840080.5,"standard_error":19133450.559032653},"median_abs_dev":{"confidence_interval":{"confidence_level":0.95,"lower_bound":3288007.1809262037,"upper_bound":65366671.222409606},"point_estimate":44509178.65845412,"standard_error":16014213.685227375},"slope":null,"std_dev":{"confidence_interval":{"confidence_level":0.95,"lower_bound":23606103.531815995,"upper_bound":45814463.72405908},"point_estimate":38043781.433722384,"standard_error":5654244.660603234}}