{"mean":{"confidence_interval":{"confidence_level":0.95,"lower_bound":5361694389.4,"upper_bound":5395539972.4325},"point_estimate":5377724250.9,"standard_error":8693825.506202769},"median":{"confidence_interval":{"confidence_level":0.95,"lower_bound":5351221428.0,"upper_bound":5397334305.0},"point_estimate":5376162045.0,"standard_error":11557101.915992184},"median_abs_dev":{"confidence_interval":{"confidence_level":0.95,"lower_bound":5252595.216947794,"upper_bound":49298610.01427472},"point_estimate":34183475.113222,"standard_error":11162282.259157522},"slope":null,"std_dev":{"confidence_interval":{"confidence_level":0.95,"lower_bound":14951436.450845268,"upper_bound":37772613.50402363},"point_estimate":28954441.844910044,"standard_error":6171453.006646987}}