{"mean":{"confidence_interval":{"confidence_level":0.95,"lower_bound":2675494.4947763155,"upper_bound":2689119.5380131574},"point_estimate":2681345.6205263156,"standard_error":3487.595262983026},"median":{"confidence_interval":{"confidence_level":0.95,"lower_bound":2674044.1578947366,"upper_bound":2676761.263157895},"point_estimate":2675145.1052631577,"standard_error":763.5961050973723},"median_abs_dev":{"confidence_interval":{"confidence_level":0.95,"lower_bound":4026.156291679114,"upper_bound":7493.2943617039555},"point_estimate":5589.675011289366,"standard_error":860.2615949177202},"slope":null,"std_dev":{"confidence_interval":{"confidence_level":0.95,"lower_bound":5857.113204654242,"upper_bound":52537.77702983861},"point_estimate":34944.560181625784,"standard_error":11243.413463931003}}