{"mean":{"confidence_interval":{"confidence_level":0.95,"lower_bound":6077878357.4025,"upper_bound":6114190093.0},"point_estimate":6095827813.3,"standard_error":9315177.86388447},"median":{"confidence_interval":{"confidence_level":0.95,"lower_bound":6067744929.0,"upper_bound":6126409381.0},"point_estimate":6090404642.5,"standard_error":16174855.414141659},"median_abs_dev":{"confidence_interval":{"confidence_level":0.95,"lower_bound":8823039.175459743,"upper_bound":51565952.37792134},"point_estimate":36558846.38265073,"standard_error":11174128.047290092},"slope":null,"std_dev":{"confidence_interval":{"confidence_level":0.95,"lower_bound":19661709.414814707,"upper_bound":36455929.31345004},"point_estimate":30945988.921230443,"standard_error":4282642.738523977}}