{"mean":{"confidence_interval":{"confidence_level":0.95,"lower_bound":382663577.1748171,"upper_bound":385077272.2895106},"point_estimate":383779575.41062176,"standard_error":621229.1563485092},"median":{"confidence_interval":{"confidence_level":0.95,"lower_bound":382193763.787037,"upper_bound":385056977.7827381},"point_estimate":383190941.2,"standard_error":819490.3965918538},"median_abs_dev":{"confidence_interval":{"confidence_level":0.95,"lower_bound":233520.79381531445,"upper_bound":3196804.3022453785},"point_estimate":1591875.3424418543,"standard_error":843130.5073896571},"slope":{"confidence_interval":{"confidence_level":0.95,"lower_bound":382837952.3114016,"upper_bound":385297586.59938836},"point_estimate":383879364.582684,"standard_error":615897.7351428621},"std_dev":{"confidence_interval":{"confidence_level":0.95,"lower_bound":846565.0004702358,"upper_bound":2698390.9125861046},"point_estimate":2078975.0784413936,"standard_error":480242.382085011}}