{"mean":{"confidence_interval":{"confidence_level":0.95,"lower_bound":5010017319.1475,"upper_bound":5031842885.6},"point_estimate":5020769532.3,"standard_error":5593025.723213701},"median":{"confidence_interval":{"confidence_level":0.95,"lower_bound":5004980375.5,"upper_bound":5035595225.0},"point_estimate":5019052958.5,"standard_error":8798599.555525847},"median_abs_dev":{"confidence_interval":{"confidence_level":0.95,"lower_bound":5019029.382294416,"upper_bound":31668686.072668433},"point_estimate":21123561.067181826,"standard_error":6617968.821927641},"slope":null,"std_dev":{"confidence_interval":{"confidence_level":0.95,"lower_bound":11199395.906820351,"upper_bound":22707204.009201385},"point_estimate":18602364.62659951,"standard_error":2940680.332805739}}