{"mean":{"confidence_interval":{"confidence_level":0.95,"lower_bound":21190917.813636366,"upper_bound":21553625.969090916},"point_estimate":21357830.278181817,"standard_error":92517.40025758134},"median":{"confidence_interval":{"confidence_level":0.95,"lower_bound":20978505.818181816,"upper_bound":21039199.818181816},"point_estimate":21002792.68181818,"standard_error":13643.199139204131},"median_abs_dev":{"confidence_interval":{"confidence_level":0.95,"lower_bound":55606.12504915507,"upper_bound":123534.27326137268},"point_estimate":87069.0529996681,"standard_error":16160.91313207524},"slope":null,"std_dev":{"confidence_interval":{"confidence_level":0.95,"lower_bound":568111.8938253083,"upper_bound":1225164.714597387},"point_estimate":931657.7245357905,"standard_error":167677.75417741842}}