{"mean":{"confidence_interval":{"confidence_level":0.95,"lower_bound":21100309.974,"upper_bound":21204543.747500006},"point_estimate":21146557.519166663,"standard_error":26532.957021944145},"median":{"confidence_interval":{"confidence_level":0.95,"lower_bound":21034409.916666668,"upper_bound":21074522.333333332},"point_estimate":21057246.916666664,"standard_error":8540.030027360539},"median_abs_dev":{"confidence_interval":{"confidence_level":0.95,"lower_bound":54696.757753936596,"upper_bound":113345.9417127036},"point_estimate":87747.80299216324,"standard_error":13721.064502009232},"slope":null,"std_dev":{"confidence_interval":{"confidence_level":0.95,"lower_bound":131845.86913387862,"upper_bound":383382.27235736675},"point_estimate":265389.0041018837,"standard_error":67768.88289702829}}