{"mean":{"confidence_interval":{"confidence_level":0.95,"lower_bound":3193229409.5387497,"upper_bound":3225190608.35},"point_estimate":3208460986.0,"standard_error":8189487.170127661},"median":{"confidence_interval":{"confidence_level":0.95,"lower_bound":3187731527.5,"upper_bound":3231215196.75},"point_estimate":3192907070.5,"standard_error":14164126.284574896},"median_abs_dev":{"confidence_interval":{"confidence_level":0.95,"lower_bound":1057376.9578278065,"upper_bound":48962509.0480417},"point_estimate":12149170.30275911,"standard_error":13392647.886497205},"slope":null,"std_dev":{"confidence_interval":{"confidence_level":0.95,"lower_bound":13925374.917197512,"upper_bound":33835481.59484467},"point_estimate":27289433.82004436,"standard_error":5104183.610781249}}