{"mean":{"confidence_interval":{"confidence_level":0.95,"lower_bound":5506313.524000003,"upper_bound":5556231.895000002},"point_estimate":5529150.480000001,"standard_error":12829.522180822882},"median":{"confidence_interval":{"confidence_level":0.95,"lower_bound":5481872.449999999,"upper_bound":5490419.9},"point_estimate":5486813.0,"standard_error":2417.8038810644257},"median_abs_dev":{"confidence_interval":{"confidence_level":0.95,"lower_bound":16826.694271266046,"upper_bound":31571.447529494624},"point_estimate":25743.347032964783,"standard_error":3932.1227923046154},"slope":null,"std_dev":{"confidence_interval":{"confidence_level":0.95,"lower_bound":72455.95598546548,"upper_bound":172743.96823243797},"point_estimate":128361.94024289996,"standard_error":26119.5639786106}}