{"mean":{"confidence_interval":{"confidence_level":0.95,"lower_bound":5538269.157027775,"upper_bound":5597269.308055553},"point_estimate":5566572.181111111,"standard_error":15060.979861258224},"median":{"confidence_interval":{"confidence_level":0.95,"lower_bound":5483207.555555556,"upper_bound":5494180.833333333},"point_estimate":5486811.277777778,"standard_error":3344.3777523691074},"median_abs_dev":{"confidence_interval":{"confidence_level":0.95,"lower_bound":17942.013048131954,"upper_bound":37067.71744191601},"point_estimate":24403.266100089062,"standard_error":5469.933830871621},"slope":null,"std_dev":{"confidence_interval":{"confidence_level":0.95,"lower_bound":112558.53061512596,"upper_bound":184938.16811543505},"point_estimate":151305.4870746886,"standard_error":18497.363904513233}}