{"mean":{"confidence_interval":{"confidence_level":0.95,"lower_bound":6215213.758805557,"upper_bound":6308509.169972223},"point_estimate":6259116.635555557,"standard_error":23888.43415947087},"median":{"confidence_interval":{"confidence_level":0.95,"lower_bound":6135146.333333333,"upper_bound":6151007.888888888},"point_estimate":6142043.111111111,"standard_error":3723.128377155101},"median_abs_dev":{"confidence_interval":{"confidence_level":0.95,"lower_bound":21820.90641260147,"upper_bound":46490.13447463558},"point_estimate":31154.285080234516,"standard_error":6144.785971640083},"slope":null,"std_dev":{"confidence_interval":{"confidence_level":0.95,"lower_bound":174679.8807840817,"upper_bound":307495.5690346887},"point_estimate":239759.96225313394,"standard_error":34920.885926862495}}