{"mean":{"confidence_interval":{"confidence_level":0.95,"lower_bound":6455199.02375,"upper_bound":6484921.082625001},"point_estimate":6467861.42875,"standard_error":7696.410535256414},"median":{"confidence_interval":{"confidence_level":0.95,"lower_bound":6449217.0625,"upper_bound":6457346.0},"point_estimate":6452885.0,"standard_error":1948.6982476423107},"median_abs_dev":{"confidence_interval":{"confidence_level":0.95,"lower_bound":11042.77525395155,"upper_bound":18163.239615038037},"point_estimate":15002.058483660221,"standard_error":1974.842853596619},"slope":null,"std_dev":{"confidence_interval":{"confidence_level":0.95,"lower_bound":14532.512619373876,"upper_bound":118340.36299069186},"point_estimate":77428.06782120636,"standard_error":25972.812899855635}}