{"mean":{"confidence_interval":{"confidence_level":0.95,"lower_bound":5864615555.8475,"upper_bound":6053313746.64},"point_estimate":5959445012.5,"standard_error":48034712.213188395},"median":{"confidence_interval":{"confidence_level":0.95,"lower_bound":5904442710.0,"upper_bound":6070116091.0},"point_estimate":5937235882.5,"standard_error":39758512.077650994},"median_abs_dev":{"confidence_interval":{"confidence_level":0.95,"lower_bound":15012656.849572062,"upper_bound":256875862.9969418},"point_estimate":52012234.98509824,"standard_error":69299383.12058115},"slope":null,"std_dev":{"confidence_interval":{"confidence_level":0.95,"lower_bound":54793784.548628815,"upper_bound":220545654.60165015},"point_estimate":159726155.50344488,"standard_error":42758562.05418599}}