{"mean":{"confidence_interval":{"confidence_level":0.95,"lower_bound":5080260.910925001,"upper_bound":5122911.049550001},"point_estimate":5101248.567000003,"standard_error":10892.517619343565},"median":{"confidence_interval":{"confidence_level":0.95,"lower_bound":5053133.9,"upper_bound":5133508.0},"point_estimate":5089970.25,"standard_error":21398.429279513628},"median_abs_dev":{"confidence_interval":{"confidence_level":0.95,"lower_bound":84777.43865489976,"upper_bound":130011.78068207957},"point_estimate":100368.75649809878,"standard_error":11665.883222976028},"slope":null,"std_dev":{"confidence_interval":{"confidence_level":0.95,"lower_bound":90858.26814453078,"upper_bound":128678.76801663333},"point_estimate":109362.4722102356,"standard_error":9752.755572724818}}