{"mean":{"confidence_interval":{"confidence_level":0.95,"lower_bound":229321197.0197954,"upper_bound":231213752.08758926},"point_estimate":230234505.84719247,"standard_error":481841.2737815166},"median":{"confidence_interval":{"confidence_level":0.95,"lower_bound":229201234.15,"upper_bound":231197120.2142857},"point_estimate":230155610.1875,"standard_error":500292.53065660497},"median_abs_dev":{"confidence_interval":{"confidence_level":0.95,"lower_bound":354457.2753704445,"upper_bound":2685154.3299539643},"point_estimate":1479550.3131877172,"standard_error":556225.2964886877},"slope":{"confidence_interval":{"confidence_level":0.95,"lower_bound":229359526.18278506,"upper_bound":230563349.8047788},"point_estimate":229883256.9305195,"standard_error":308421.71507312806},"std_dev":{"confidence_interval":{"confidence_level":0.95,"lower_bound":692503.6968247138,"upper_bound":2218251.929904725},"point_estimate":1606817.8366639507,"standard_error":400774.70655896235}}