{"mean":{"confidence_interval":{"confidence_level":0.95,"lower_bound":5597961836.82,"upper_bound":5627283019.6},"point_estimate":5613471835.9,"standard_error":7468586.137018366},"median":{"confidence_interval":{"confidence_level":0.95,"lower_bound":5600132166.0,"upper_bound":5635577356.0},"point_estimate":5611922802.0,"standard_error":10138103.75780549},"median_abs_dev":{"confidence_interval":{"confidence_level":0.95,"lower_bound":2106049.571210146,"upper_bound":44425047.41099775},"point_estimate":21248624.30536151,"standard_error":10089372.561377767},"slope":null,"std_dev":{"confidence_interval":{"confidence_level":0.95,"lower_bound":13008185.49487921,"upper_bound":33554545.73274022},"point_estimate":24968894.361966334,"standard_error":5772112.576356269}}