{"mean":{"confidence_interval":{"confidence_level":0.95,"lower_bound":7465402415.0,"upper_bound":7583696912.9675},"point_estimate":7520907287.9,"standard_error":30317049.278862186},"median":{"confidence_interval":{"confidence_level":0.95,"lower_bound":7440551182.0,"upper_bound":7606251310.5},"point_estimate":7500068626.0,"standard_error":44360702.63483359},"median_abs_dev":{"confidence_interval":{"confidence_level":0.95,"lower_bound":5789223.018720746,"upper_bound":173589507.0114702},"point_estimate":75659276.83517933,"standard_error":47082056.94324777},"slope":null,"std_dev":{"confidence_interval":{"confidence_level":0.95,"lower_bound":48040155.627501,"upper_bound":127005924.18690835},"point_estimate":101300344.98183653,"standard_error":20453654.290860604}}