{"mean":{"confidence_interval":{"confidence_level":0.95,"lower_bound":171958472.68,"upper_bound":172910694.87325},"point_estimate":172397457.545,"standard_error":242938.99070260194},"median":{"confidence_interval":{"confidence_level":0.95,"lower_bound":171445297.5,"upper_bound":171997276.25},"point_estimate":171670283.5,"standard_error":143589.47216487862},"median_abs_dev":{"confidence_interval":{"confidence_level":0.95,"lower_bound":1071446.5072592732,"upper_bound":1678819.4856449962},"point_estimate":1404420.2531665564,"standard_error":149090.2027759567},"slope":null,"std_dev":{"confidence_interval":{"confidence_level":0.95,"lower_bound":1567234.4321589374,"upper_bound":3203871.8993446906},"point_estimate":2449906.1311529595,"standard_error":418105.7158614307}}