{"mean":{"confidence_interval":{"confidence_level":0.95,"lower_bound":5720281.851916664,"upper_bound":5788037.428583334},"point_estimate":5751277.289999997,"standard_error":17423.65560394813},"median":{"confidence_interval":{"confidence_level":0.95,"lower_bound":5696894.222222222,"upper_bound":5702694.333333333},"point_estimate":5699768.5,"standard_error":1571.191958785238},"median_abs_dev":{"confidence_interval":{"confidence_level":0.95,"lower_bound":8750.799244641797,"upper_bound":17325.041424086303},"point_estimate":11995.963487028845,"standard_error":2234.0026091587706},"slope":null,"std_dev":{"confidence_interval":{"confidence_level":0.95,"lower_bound":99247.53907509505,"upper_bound":233111.80151144564},"point_estimate":173835.05685813393,"standard_error":34195.528144490774}}