{"mean":{"confidence_interval":{"confidence_level":0.95,"lower_bound":179413319.9972595,"upper_bound":180266568.77428567},"point_estimate":179929363.6349841,"standard_error":232926.87645349826},"median":{"confidence_interval":{"confidence_level":0.95,"lower_bound":179914182.06666666,"upper_bound":180385310.1142857},"point_estimate":180090526.14999998,"standard_error":138446.994580697},"median_abs_dev":{"confidence_interval":{"confidence_level":0.95,"lower_bound":66972.7449576629,"upper_bound":580356.9651525983},"point_estimate":342030.5655237339,"standard_error":135892.42102913006},"slope":{"confidence_interval":{"confidence_level":0.95,"lower_bound":180027838.0051282,"upper_bound":180386538.0370861},"point_estimate":180258248.0768831,"standard_error":90781.23238304956},"std_dev":{"confidence_interval":{"confidence_level":0.95,"lower_bound":167338.58900448724,"upper_bound":1178196.4250459482},"point_estimate":774827.5386105458,"standard_error":340009.34376023745}}