{"mean":{"confidence_interval":{"confidence_level":0.95,"lower_bound":6646043684.3,"upper_bound":6745999727.752501},"point_estimate":6692751287.6,"standard_error":25790945.636956405},"median":{"confidence_interval":{"confidence_level":0.95,"lower_bound":6628441877.0,"upper_bound":6753488119.0},"point_estimate":6657043062.0,"standard_error":34283079.57850116},"median_abs_dev":{"confidence_interval":{"confidence_level":0.95,"lower_bound":6655351.251643896,"upper_bound":139580849.70894456},"point_estimate":45472333.7934047,"standard_error":34619802.44126535},"slope":null,"std_dev":{"confidence_interval":{"confidence_level":0.95,"lower_bound":28398801.134132687,"upper_bound":106988469.92114429},"point_estimate":86381635.69955769,"standard_error":18783109.302488446}}