{"mean":{"confidence_interval":{"confidence_level":0.95,"lower_bound":458032909.2416666,"upper_bound":460797832.7457615},"point_estimate":459515329.0135913,"standard_error":710595.4976056408},"median":{"confidence_interval":{"confidence_level":0.95,"lower_bound":458439391.2714286,"upper_bound":461318367.7083333},"point_estimate":459851074.71875,"standard_error":718068.795699885},"median_abs_dev":{"confidence_interval":{"confidence_level":0.95,"lower_bound":404284.37688378524,"upper_bound":3617907.5610693223},"point_estimate":1694699.1321180938,"standard_error":829394.1506096914},"slope":{"confidence_interval":{"confidence_level":0.95,"lower_bound":459487604.17715234,"upper_bound":461537316.45114344},"point_estimate":460664785.8207792,"standard_error":516451.4317684792},"std_dev":{"confidence_interval":{"confidence_level":0.95,"lower_bound":1045892.3457047808,"upper_bound":3245671.99124869},"point_estimate":2375149.167462993,"standard_error":619396.093596581}}