{"mean":{"confidence_interval":{"confidence_level":0.95,"lower_bound":5562718496.2075,"upper_bound":5605102874.2},"point_estimate":5582713791.7,"standard_error":10911562.775506066},"median":{"confidence_interval":{"confidence_level":0.95,"lower_bound":5555202293.0,"upper_bound":5604216238.0},"point_estimate":5579547889.5,"standard_error":12004783.89259532},"median_abs_dev":{"confidence_interval":{"confidence_level":0.95,"lower_bound":7547886.813998222,"upper_bound":58517842.15680063},"point_estimate":30442249.72244203,"standard_error":13181236.754844898},"slope":null,"std_dev":{"confidence_interval":{"confidence_level":0.95,"lower_bound":17105806.26087423,"upper_bound":48092895.38015198},"point_estimate":36308830.52075805,"standard_error":8296579.449586506}}