{"mean":{"confidence_interval":{"confidence_level":0.95,"lower_bound":5592526406.1,"upper_bound":5619617432.4},"point_estimate":5606463186.0,"standard_error":6904867.207870328},"median":{"confidence_interval":{"confidence_level":0.95,"lower_bound":5593561101.0,"upper_bound":5628184382.5},"point_estimate":5601088587.5,"standard_error":11384700.339841848},"median_abs_dev":{"confidence_interval":{"confidence_level":0.95,"lower_bound":544967.4266248941,"upper_bound":46664425.715240836},"point_estimate":23779503.262129426,"standard_error":11846757.913344413},"slope":null,"std_dev":{"confidence_interval":{"confidence_level":0.95,"lower_bound":13729167.07946181,"upper_bound":29762307.1872763},"point_estimate":23085501.801818606,"standard_error":4387015.566427702}}