{"mean":{"confidence_interval":{"confidence_level":0.95,"lower_bound":7433053685.135,"upper_bound":7464693606.82},"point_estimate":7448347316.0,"standard_error":8125169.17356676},"median":{"confidence_interval":{"confidence_level":0.95,"lower_bound":7424555776.0,"upper_bound":7469929636.0},"point_estimate":7441478243.0,"standard_error":12868643.388140155},"median_abs_dev":{"confidence_interval":{"confidence_level":0.95,"lower_bound":5771576.372534037,"upper_bound":46047946.56148553},"point_estimate":36014527.59351432,"standard_error":10517124.11463293},"slope":null,"std_dev":{"confidence_interval":{"confidence_level":0.95,"lower_bound":15886311.92162887,"upper_bound":34158338.676705025},"point_estimate":27222283.263540182,"standard_error":4821293.984719854}}