{"mean":{"confidence_interval":{"confidence_level":0.95,"lower_bound":3589284742.14,"upper_bound":3617035613.8},"point_estimate":3601020276.65,"standard_error":7223360.429645563},"median":{"confidence_interval":{"confidence_level":0.95,"lower_bound":3584783711.0,"upper_bound":3607385180.5},"point_estimate":3595328357.5,"standard_error":5680000.571559982},"median_abs_dev":{"confidence_interval":{"confidence_level":0.95,"lower_bound":2946438.7566402555,"upper_bound":27278994.43370104},"point_estimate":16754469.042898715,"standard_error":6093788.761503213},"slope":null,"std_dev":{"confidence_interval":{"confidence_level":0.95,"lower_bound":7674913.379018533,"upper_bound":35396716.438487574},"point_estimate":24067747.20764109,"standard_error":8672117.009961644}}