{"mean":{"confidence_interval":{"confidence_level":0.95,"lower_bound":5158861.8438,"upper_bound":5202526.847349999},"point_estimate":5177947.313999999,"standard_error":11223.789268076607},"median":{"confidence_interval":{"confidence_level":0.95,"lower_bound":5148717.0,"upper_bound":5159870.800000001},"point_estimate":5155625.4,"standard_error":2517.2059835297428},"median_abs_dev":{"confidence_interval":{"confidence_level":0.95,"lower_bound":16032.317205370025,"upper_bound":26287.312963306627},"point_estimate":22181.029946208553,"standard_error":2601.6061449740137},"slope":null,"std_dev":{"confidence_interval":{"confidence_level":0.95,"lower_bound":49075.58455576919,"upper_bound":165809.32391447024},"point_estimate":113119.17304241759,"standard_error":30402.040156102248}}