{"mean":{"confidence_interval":{"confidence_level":0.95,"lower_bound":3697320325.9,"upper_bound":3714203863.75},"point_estimate":3705585864.1,"standard_error":4308071.558745335},"median":{"confidence_interval":{"confidence_level":0.95,"lower_bound":3692205017.5,"upper_bound":3717758208.0},"point_estimate":3704807337.0,"standard_error":6684826.18755934},"median_abs_dev":{"confidence_interval":{"confidence_level":0.95,"lower_bound":4016683.1996396184,"upper_bound":24767291.42499268},"point_estimate":17580392.871035635,"standard_error":5208600.251522535},"slope":null,"std_dev":{"confidence_interval":{"confidence_level":0.95,"lower_bound":8602112.403432488,"upper_bound":17313856.20147169},"point_estimate":14321622.36600889,"standard_error":2207557.0490446473}}