{"mean":{"confidence_interval":{"confidence_level":0.95,"lower_bound":3796883203.95,"upper_bound":3836803094.25},"point_estimate":3815041793.8,"standard_error":10294417.400034644},"median":{"confidence_interval":{"confidence_level":0.95,"lower_bound":3789981385.25,"upper_bound":3840027882.75},"point_estimate":3799595519.75,"standard_error":12566207.219880192},"median_abs_dev":{"confidence_interval":{"confidence_level":0.95,"lower_bound":3556144.652415812,"upper_bound":54782288.45221996},"point_estimate":22963405.36531806,"standard_error":13336021.18683847},"slope":null,"std_dev":{"confidence_interval":{"confidence_level":0.95,"lower_bound":12773063.439273588,"upper_bound":43950277.20636067},"point_estimate":34156783.1074992,"standard_error":8088353.885694486}}