{"mean":{"confidence_interval":{"confidence_level":0.95,"lower_bound":3458199474.05,"upper_bound":3477233224.4975},"point_estimate":3467101325.25,"standard_error":4919298.082905855},"median":{"confidence_interval":{"confidence_level":0.95,"lower_bound":3452661510.5,"upper_bound":3480457629.25},"point_estimate":3461017548.0,"standard_error":7537101.72889671},"median_abs_dev":{"confidence_interval":{"confidence_level":0.95,"lower_bound":1030505.5746048689,"upper_bound":27123520.475511253},"point_estimate":13614026.519952714,"standard_error":6994508.179462238},"slope":null,"std_dev":{"confidence_interval":{"confidence_level":0.95,"lower_bound":8112412.113875563,"upper_bound":20619047.878899913},"point_estimate":16424149.614127668,"standard_error":3224242.3888835562}}