{"mean":{"confidence_interval":{"confidence_level":0.95,"lower_bound":5883431.4570625,"upper_bound":5960369.7589374995},"point_estimate":5919740.09,"standard_error":19757.02872639141},"median":{"confidence_interval":{"confidence_level":0.95,"lower_bound":5805207.0,"upper_bound":5835568.375},"point_estimate":5819156.3125,"standard_error":8028.606940213835},"median_abs_dev":{"confidence_interval":{"confidence_level":0.95,"lower_bound":25638.879332318902,"upper_bound":67146.39683291316},"point_estimate":42241.867800056934,"standard_error":11335.7204573817},"slope":null,"std_dev":{"confidence_interval":{"confidence_level":0.95,"lower_bound":141887.50737273073,"upper_bound":261138.21643154288},"point_estimate":197658.09539908372,"standard_error":33713.1559238553}}