{"mean":{"confidence_interval":{"confidence_level":0.95,"lower_bound":2857801295.7,"upper_bound":2904986504.05},"point_estimate":2878365768.6,"standard_error":12215919.400860151},"median":{"confidence_interval":{"confidence_level":0.95,"lower_bound":2852054075.5,"upper_bound":2893701968.0},"point_estimate":2863953946.0,"standard_error":11623730.931882337},"median_abs_dev":{"confidence_interval":{"confidence_level":0.95,"lower_bound":1791374.398496747,"upper_bound":52623315.992349386},"point_estimate":18429235.84151566,"standard_error":13138400.05549773},"slope":null,"std_dev":{"confidence_interval":{"confidence_level":0.95,"lower_bound":11331857.864249678,"upper_bound":57539860.49303016},"point_estimate":40693946.74623144,"standard_error":12829900.171333268}}