{"mean":{"confidence_interval":{"confidence_level":0.95,"lower_bound":6223736551.445001,"upper_bound":6255846796.2225},"point_estimate":6238602803.6,"standard_error":8193976.163719199},"median":{"confidence_interval":{"confidence_level":0.95,"lower_bound":6217847508.0,"upper_bound":6259254295.0},"point_estimate":6231273556.5,"standard_error":9940705.779342905},"median_abs_dev":{"confidence_interval":{"confidence_level":0.95,"lower_bound":5230376.23244226,"upper_bound":46948408.84459913},"point_estimate":22335662.899562716,"standard_error":10144367.86801159},"slope":null,"std_dev":{"confidence_interval":{"confidence_level":0.95,"lower_bound":11979813.403483972,"upper_bound":34991766.93161901},"point_estimate":27103777.58297299,"standard_error":5974087.911998744}}