{"mean":{"confidence_interval":{"confidence_level":0.95,"lower_bound":2877634.5360000003,"upper_bound":2885402.621430555},"point_estimate":2880507.125555556,"standard_error":2165.949574707834},"median":{"confidence_interval":{"confidence_level":0.95,"lower_bound":2876277.388888889,"upper_bound":2879071.3354166667},"point_estimate":2877478.4444444445,"standard_error":712.2580182755685},"median_abs_dev":{"confidence_interval":{"confidence_level":0.95,"lower_bound":3725.3207171954014,"upper_bound":5530.097901820446},"point_estimate":4818.985297779089,"standard_error":461.8806857722202},"slope":null,"std_dev":{"confidence_interval":{"confidence_level":0.95,"lower_bound":4120.820385888895,"upper_bound":36589.71517479686},"point_estimate":21723.113135928525,"standard_error":11081.267301123202}}