{"mean":{"confidence_interval":{"confidence_level":0.95,"lower_bound":2711795.358947367,"upper_bound":2734747.6684210515},"point_estimate":2722413.4342105263,"standard_error":5873.4726847497395},"median":{"confidence_interval":{"confidence_level":0.95,"lower_bound":2700394.3157894737,"upper_bound":2704159.3157894737},"point_estimate":2702109.3684210526,"standard_error":874.0339055223075},"median_abs_dev":{"confidence_interval":{"confidence_level":0.95,"lower_bound":5526.352386098213,"upper_bound":10180.389766630555},"point_estimate":7348.974959003334,"standard_error":1148.771388560164},"slope":null,"std_dev":{"confidence_interval":{"confidence_level":0.95,"lower_bound":38623.09099981226,"upper_bound":75398.86252645699},"point_estimate":59066.5438286568,"standard_error":9405.946287340446}}