{"mean":{"confidence_interval":{"confidence_level":0.95,"lower_bound":5248713993.1,"upper_bound":5283693012.4},"point_estimate":5265740370.0,"standard_error":8956120.856579667},"median":{"confidence_interval":{"confidence_level":0.95,"lower_bound":5241012465.0,"upper_bound":5296902523.0},"point_estimate":5263810257.0,"standard_error":12904686.333862264},"median_abs_dev":{"confidence_interval":{"confidence_level":0.95,"lower_bound":3438262.016558647,"upper_bound":49884573.554071784},"point_estimate":39204428.910282254,"standard_error":12593810.952470368},"slope":null,"std_dev":{"confidence_interval":{"confidence_level":0.95,"lower_bound":16228409.518832056,"upper_bound":35658104.83847175},"point_estimate":29461495.92796057,"standard_error":4746330.668236479}}