{"mean":{"confidence_interval":{"confidence_level":0.95,"lower_bound":3254642.732296875,"upper_bound":3333280.772390625},"point_estimate":3292126.8,"standard_error":20088.06323340916},"median":{"confidence_interval":{"confidence_level":0.95,"lower_bound":3166708.4375,"upper_bound":3191526.5},"point_estimate":3171332.59375,"standard_error":7389.034151915048},"median_abs_dev":{"confidence_interval":{"confidence_level":0.95,"lower_bound":13852.487529069185,"upper_bound":52059.45950075984},"point_estimate":21539.490405097604,"standard_error":11216.597733795596},"slope":null,"std_dev":{"confidence_interval":{"confidence_level":0.95,"lower_bound":157113.12670214323,"upper_bound":252029.02208830885},"point_estimate":202121.98408872503,"standard_error":25500.025720254318}}