{"mean":{"confidence_interval":{"confidence_level":0.95,"lower_bound":3177765.253296875,"upper_bound":3190693.618125},"point_estimate":3183167.328125,"standard_error":3336.1395608604075},"median":{"confidence_interval":{"confidence_level":0.95,"lower_bound":3173024.75,"upper_bound":3178183.875},"point_estimate":3175190.8125,"standard_error":1373.5708834724967},"median_abs_dev":{"confidence_interval":{"confidence_level":0.95,"lower_bound":7181.2046287581325,"upper_bound":12536.44839618355},"point_estimate":10357.397084869444,"standard_error":1316.1039951417529},"slope":null,"std_dev":{"confidence_interval":{"confidence_level":0.95,"lower_bound":13366.164065033441,"upper_bound":52548.19256059339},"point_estimate":33499.054362473486,"standard_error":11782.879729751881}}