{"mean":{"confidence_interval":{"confidence_level":0.95,"lower_bound":3359480.434000002,"upper_bound":3380997.3662166684},"point_estimate":3369341.960666666,"standard_error":5508.169256839123},"median":{"confidence_interval":{"confidence_level":0.95,"lower_bound":3348039.2333333334,"upper_bound":3352865.533333333},"point_estimate":3348682.3666666667,"standard_error":1539.2590420956183},"median_abs_dev":{"confidence_interval":{"confidence_level":0.95,"lower_bound":8871.085051506941,"upper_bound":17296.20897293086},"point_estimate":11122.119062542823,"standard_error":2334.225560565978},"slope":null,"std_dev":{"confidence_interval":{"confidence_level":0.95,"lower_bound":33235.018880305,"upper_bound":74101.30667568259},"point_estimate":55416.28770473951,"standard_error":10473.550324993077}}