{"mean":{"confidence_interval":{"confidence_level":0.95,"lower_bound":5731360347.7,"upper_bound":5771143897.9825},"point_estimate":5749294141.1,"standard_error":10261247.654507237},"median":{"confidence_interval":{"confidence_level":0.95,"lower_bound":5725840468.0,"upper_bound":5777446565.0},"point_estimate":5732879663.5,"standard_error":13433439.841829734},"median_abs_dev":{"confidence_interval":{"confidence_level":0.95,"lower_bound":2151040.5500113964,"upper_bound":57750451.37562454},"point_estimate":16148435.917907953,"standard_error":14199571.741088536},"slope":null,"std_dev":{"confidence_interval":{"confidence_level":0.95,"lower_bound":10927929.755301781,"upper_bound":46265009.02735619},"point_estimate":34309349.455146596,"standard_error":8991441.719022501}}