{"mean":{"confidence_interval":{"confidence_level":0.95,"lower_bound":4324176338.95,"upper_bound":4435282963.605},"point_estimate":4380603453.3,"standard_error":28452145.285716336},"median":{"confidence_interval":{"confidence_level":0.95,"lower_bound":4303287047.5,"upper_bound":4480771274.0},"point_estimate":4381119649.25,"standard_error":46611983.530586325},"median_abs_dev":{"confidence_interval":{"confidence_level":0.95,"lower_bound":18418294.624359906,"upper_bound":156445222.0346421},"point_estimate":131569054.76863235,"standard_error":36281688.39199414},"slope":null,"std_dev":{"confidence_interval":{"confidence_level":0.95,"lower_bound":58973104.19814214,"upper_bound":115617631.25968528},"point_estimate":95318106.52124554,"standard_error":14615383.263535473}}