{"mean":{"confidence_interval":{"confidence_level":0.95,"lower_bound":6199817.616666669,"upper_bound":6227040.154555557},"point_estimate":6211500.348888891,"standard_error":7054.288027577335},"median":{"confidence_interval":{"confidence_level":0.95,"lower_bound":6187917.333333333,"upper_bound":6199112.111111111},"point_estimate":6194037.388888889,"standard_error":2714.95516558374},"median_abs_dev":{"confidence_interval":{"confidence_level":0.95,"lower_bound":8879.95017568209,"upper_bound":20547.353035210872},"point_estimate":15114.777264992703,"standard_error":2972.5943362701537},"slope":null,"std_dev":{"confidence_interval":{"confidence_level":0.95,"lower_bound":20882.17990595878,"upper_bound":107898.47634503678},"point_estimate":70373.07672657091,"standard_error":22101.77057415199}}