{"mean":{"confidence_interval":{"confidence_level":0.95,"lower_bound":6213880.95159375,"upper_bound":6249949.900687501},"point_estimate":6230295.22625,"standard_error":9246.307459202242},"median":{"confidence_interval":{"confidence_level":0.95,"lower_bound":6198221.25,"upper_bound":6204599.875},"point_estimate":6200939.625,"standard_error":1568.5353587832221},"median_abs_dev":{"confidence_interval":{"confidence_level":0.95,"lower_bound":10489.209488779306,"upper_bound":19012.676737457514},"point_estimate":14716.843313723803,"standard_error":2076.095016416911},"slope":null,"std_dev":{"confidence_interval":{"confidence_level":0.95,"lower_bound":53027.89375606892,"upper_bound":124132.58900169452},"point_estimate":92760.4143420885,"standard_error":18098.61813696533}}