{"mean":{"confidence_interval":{"confidence_level":0.95,"lower_bound":6088763.109777779,"upper_bound":6119135.694555559},"point_estimate":6102670.352222222,"standard_error":7789.250415890734},"median":{"confidence_interval":{"confidence_level":0.95,"lower_bound":6074468.333333333,"upper_bound":6085055.333333333},"point_estimate":6078650.888888889,"standard_error":2792.005635881835},"median_abs_dev":{"confidence_interval":{"confidence_level":0.95,"lower_bound":13420.989161730044,"upper_bound":24868.0611918373},"point_estimate":18281.52844210435,"standard_error":2988.58725434449},"slope":null,"std_dev":{"confidence_interval":{"confidence_level":0.95,"lower_bound":46314.1614170363,"upper_bound":102613.88997703562},"point_estimate":78097.75083270858,"standard_error":14326.520027350378}}