{"mean":{"confidence_interval":{"confidence_level":0.95,"lower_bound":6306483210.9275,"upper_bound":6536220669.0},"point_estimate":6393188758.3,"standard_error":64954843.38614989},"median":{"confidence_interval":{"confidence_level":0.95,"lower_bound":6290158060.5,"upper_bound":6377620427.0},"point_estimate":6324825045.5,"standard_error":27035311.029908396},"median_abs_dev":{"confidence_interval":{"confidence_level":0.95,"lower_bound":12485289.430841804,"upper_bound":101066164.11271691},"point_estimate":52451871.83789313,"standard_error":28623426.370495856},"slope":null,"std_dev":{"confidence_interval":{"confidence_level":0.95,"lower_bound":25083880.28532359,"upper_bound":333659355.360295},"point_estimate":217554494.13890573,"standard_error":105129705.21385986}}