{"mean":{"confidence_interval":{"confidence_level":0.95,"lower_bound":176514567.86574998,"upper_bound":178421455.9},"point_estimate":177438883.7,"standard_error":485842.5884433761},"median":{"confidence_interval":{"confidence_level":0.95,"lower_bound":174839371.0,"upper_bound":176645512.0},"point_estimate":175457967.25,"standard_error":483603.9504042575},"median_abs_dev":{"confidence_interval":{"confidence_level":0.95,"lower_bound":2003671.5952277184,"upper_bound":4349183.671836555},"point_estimate":2866628.9174571633,"standard_error":584656.4787821599},"slope":null,"std_dev":{"confidence_interval":{"confidence_level":0.95,"lower_bound":3832905.3123167697,"upper_bound":5811019.873977724},"point_estimate":4892630.400489337,"standard_error":502532.45291379694}}