{"mean":{"confidence_interval":{"confidence_level":0.95,"lower_bound":5545977995.9,"upper_bound":5595755655.7},"point_estimate":5571522256.8,"standard_error":12647722.8349083},"median":{"confidence_interval":{"confidence_level":0.95,"lower_bound":5538601124.0,"upper_bound":5613958416.0},"point_estimate":5575193632.5,"standard_error":22065592.574223936},"median_abs_dev":{"confidence_interval":{"confidence_level":0.95,"lower_bound":3312692.470487952,"upper_bound":74077920.13595402},"point_estimate":55545047.59107828,"standard_error":18714403.91073016},"slope":null,"std_dev":{"confidence_interval":{"confidence_level":0.95,"lower_bound":25868019.573914226,"upper_bound":51944057.2110014},"point_estimate":42162986.912580065,"standard_error":6955174.028972247}}