{"mean":{"confidence_interval":{"confidence_level":0.95,"lower_bound":5037716.386925,"upper_bound":5082098.679450001},"point_estimate":5057237.853999999,"standard_error":11442.385116950638},"median":{"confidence_interval":{"confidence_level":0.95,"lower_bound":5019876.6,"upper_bound":5030182.9},"point_estimate":5026502.449999999,"standard_error":2544.0893619098665},"median_abs_dev":{"confidence_interval":{"confidence_level":0.95,"lower_bound":17313.50597262355,"upper_bound":32542.17986226137},"point_estimate":25362.022319735064,"standard_error":3770.040547498851},"slope":null,"std_dev":{"confidence_interval":{"confidence_level":0.95,"lower_bound":54651.34658191234,"upper_bound":169795.63620816873},"point_estimate":114792.11453540246,"standard_error":31349.268184811735}}