{"mean":{"confidence_interval":{"confidence_level":0.95,"lower_bound":5422933.903875,"upper_bound":5500651.6652999995},"point_estimate":5460654.707000001,"standard_error":19849.799770268615},"median":{"confidence_interval":{"confidence_level":0.95,"lower_bound":5516811.1,"upper_bound":5529498.8},"point_estimate":5523631.4,"standard_error":5364.330748268641},"median_abs_dev":{"confidence_interval":{"confidence_level":0.95,"lower_bound":29634.65305387946,"upper_bound":224715.00933051},"point_estimate":54358.638474940424,"standard_error":50933.03743084487},"slope":null,"std_dev":{"confidence_interval":{"confidence_level":0.95,"lower_bound":155539.83199287613,"upper_bound":253676.89748476466},"point_estimate":199756.25535857756,"standard_error":26938.55154994376}}