{"mean":{"confidence_interval":{"confidence_level":0.95,"lower_bound":26188491.867675006,"upper_bound":26407944.414749995},"point_estimate":26289978.222999986,"standard_error":56168.45211384536},"median":{"confidence_interval":{"confidence_level":0.95,"lower_bound":26085976.700000003,"upper_bound":26105300.200000003},"point_estimate":26093363.25,"standard_error":5455.579825160486},"median_abs_dev":{"confidence_interval":{"confidence_level":0.95,"lower_bound":29924.032476492284,"upper_bound":59500.719577897835},"point_estimate":42878.94100874552,"standard_error":7225.495472518204},"slope":null,"std_dev":{"confidence_interval":{"confidence_level":0.95,"lower_bound":344393.3520734831,"upper_bound":739260.504445349},"point_estimate":562483.4837001452,"standard_error":100678.50177510838}}