{"mean":{"confidence_interval":{"confidence_level":0.95,"lower_bound":2525903.2563676476,"upper_bound":2576174.2118823533},"point_estimate":2547577.4852941185,"standard_error":12950.359584200458},"median":{"confidence_interval":{"confidence_level":0.95,"lower_bound":2507662.882352941,"upper_bound":2519383.205882353},"point_estimate":2511790.529411765,"standard_error":2987.555511263867},"median_abs_dev":{"confidence_interval":{"confidence_level":0.95,"lower_bound":12725.242785846465,"upper_bound":29475.43925905949},"point_estimate":19593.954040373093,"standard_error":4209.210288436383},"slope":null,"std_dev":{"confidence_interval":{"confidence_level":0.95,"lower_bound":47689.51967031362,"upper_bound":198425.67053052917},"point_estimate":129858.2828873506,"standard_error":40051.93839482289}}