{"mean":{"confidence_interval":{"confidence_level":0.95,"lower_bound":2747969.98565625,"upper_bound":2786297.755203125},"point_estimate":2764795.199375,"standard_error":9846.049839175568},"median":{"confidence_interval":{"confidence_level":0.95,"lower_bound":2737666.0,"upper_bound":2740513.75},"point_estimate":2739006.34375,"standard_error":829.8474106497468},"median_abs_dev":{"confidence_interval":{"confidence_level":0.95,"lower_bound":4385.623384639621,"upper_bound":9552.484292909503},"point_estimate":7021.1764940992,"standard_error":1331.5769133418714},"slope":null,"std_dev":{"confidence_interval":{"confidence_level":0.95,"lower_bound":48273.79874110653,"upper_bound":145455.09266615708},"point_estimate":99297.03913008819,"standard_error":25917.254843823648}}