{"mean":{"confidence_interval":{"confidence_level":0.95,"lower_bound":2759540.873970588,"upper_bound":2810734.651102941},"point_estimate":2782086.0917647057,"standard_error":13187.179896718768},"median":{"confidence_interval":{"confidence_level":0.95,"lower_bound":2748031.529411765,"upper_bound":2751597.176470588},"point_estimate":2750430.529411765,"standard_error":950.3784567068683},"median_abs_dev":{"confidence_interval":{"confidence_level":0.95,"lower_bound":5396.053421847758,"upper_bound":10172.026847057678},"point_estimate":7183.414901880778,"standard_error":1233.2996493843382},"slope":null,"std_dev":{"confidence_interval":{"confidence_level":0.95,"lower_bound":39099.046471958776,"upper_bound":192717.14391659462},"point_estimate":133211.6708280496,"standard_error":36671.14948038242}}