{"mean":{"confidence_interval":{"confidence_level":0.95,"lower_bound":2720743.05736842,"upper_bound":2747619.053315789},"point_estimate":2731978.998421052,"standard_error":6974.240408262012},"median":{"confidence_interval":{"confidence_level":0.95,"lower_bound":2716019.073026316,"upper_bound":2718884.947368421},"point_estimate":2717678.8157894737,"standard_error":718.2471089117482},"median_abs_dev":{"confidence_interval":{"confidence_level":0.95,"lower_bound":3544.389331811026,"upper_bound":6132.267585867003},"point_estimate":5048.447989319573,"standard_error":662.0755346490868},"slope":null,"std_dev":{"confidence_interval":{"confidence_level":0.95,"lower_bound":11606.98656167532,"upper_bound":112226.72275439349},"point_estimate":70371.35784484039,"standard_error":25920.161268489916}}