{"mean":{"confidence_interval":{"confidence_level":0.95,"lower_bound":3169373482.75,"upper_bound":3199747345.5},"point_estimate":3181231768.0,"standard_error":8370507.965554737},"median":{"confidence_interval":{"confidence_level":0.95,"lower_bound":3166121153.0,"upper_bound":3182100832.25},"point_estimate":3173315096.25,"standard_error":4187909.440468328},"median_abs_dev":{"confidence_interval":{"confidence_level":0.95,"lower_bound":2120887.061096728,"upper_bound":17651895.702566206},"point_estimate":9291712.37808913,"standard_error":4515549.698354498},"slope":null,"std_dev":{"confidence_interval":{"confidence_level":0.95,"lower_bound":4753883.299177788,"upper_bound":42653751.74274341},"point_estimate":28020499.978614993,"standard_error":12670157.707665095}}