{"mean":{"confidence_interval":{"confidence_level":0.95,"lower_bound":6223035239.5,"upper_bound":6252466772.86},"point_estimate":6238519715.7,"standard_error":7535248.827763178},"median":{"confidence_interval":{"confidence_level":0.95,"lower_bound":6218839770.0,"upper_bound":6257826081.0},"point_estimate":6244840810.5,"standard_error":9895350.296405397},"median_abs_dev":{"confidence_interval":{"confidence_level":0.95,"lower_bound":6602054.006490111,"upper_bound":43834542.6674813},"point_estimate":21594629.780718684,"standard_error":9140041.178929778},"slope":null,"std_dev":{"confidence_interval":{"confidence_level":0.95,"lower_bound":12477428.45554763,"upper_bound":33233146.79343312},"point_estimate":25150105.70891019,"standard_error":5607337.795344423}}