{"mean":{"confidence_interval":{"confidence_level":0.95,"lower_bound":168010847.4817345,"upper_bound":169781560.83604386},"point_estimate":168814576.1855635,"standard_error":457412.54943740065},"median":{"confidence_interval":{"confidence_level":0.95,"lower_bound":167715870.53750002,"upper_bound":169624484.43333334},"point_estimate":168217971.3914286,"standard_error":483464.8832205837},"median_abs_dev":{"confidence_interval":{"confidence_level":0.95,"lower_bound":192930.80129179623,"upper_bound":2275496.200189367},"point_estimate":942063.772742513,"standard_error":550046.0919227916},"slope":{"confidence_interval":{"confidence_level":0.95,"lower_bound":167693042.88653383,"upper_bound":169185609.74707904},"point_estimate":168308498.5438961,"standard_error":390448.7628831351},"std_dev":{"confidence_interval":{"confidence_level":0.95,"lower_bound":489600.9881671627,"upper_bound":2032109.833818543},"point_estimate":1515422.7704113207,"standard_error":406058.243151644}}