{"mean":{"confidence_interval":{"confidence_level":0.95,"lower_bound":169230781.7072397,"upper_bound":170513528.11722222},"point_estimate":169849037.5329365,"standard_error":328670.5203995438},"median":{"confidence_interval":{"confidence_level":0.95,"lower_bound":168890735.4,"upper_bound":170908899.68},"point_estimate":169281459.82857144,"standard_error":606625.0523819119},"median_abs_dev":{"confidence_interval":{"confidence_level":0.95,"lower_bound":65337.3077533721,"upper_bound":1678435.490604467},"point_estimate":700912.2103230036,"standard_error":463800.89204602025},"slope":{"confidence_interval":{"confidence_level":0.95,"lower_bound":169060202.88677362,"upper_bound":170621222.41628498},"point_estimate":169893114.9787013,"standard_error":397131.3171696901},"std_dev":{"confidence_interval":{"confidence_level":0.95,"lower_bound":634333.034527761,"upper_bound":1266242.2483680726},"point_estimate":1090326.5366316102,"standard_error":162991.31732703667}}