{"mean":{"confidence_interval":{"confidence_level":0.95,"lower_bound":5729124444.837501,"upper_bound":5774830289.16},"point_estimate":5751778780.0,"standard_error":11689798.454346405},"median":{"confidence_interval":{"confidence_level":0.95,"lower_bound":5710891765.0,"upper_bound":5785438172.0},"point_estimate":5751561143.5,"standard_error":16934428.77901628},"median_abs_dev":{"confidence_interval":{"confidence_level":0.95,"lower_bound":9069651.889881492,"upper_bound":65271025.73290765},"point_estimate":51858170.60883343,"standard_error":15600187.670338638},"slope":null,"std_dev":{"confidence_interval":{"confidence_level":0.95,"lower_bound":23242028.04905167,"upper_bound":48362632.70824405},"point_estimate":38952485.64371104,"standard_error":6511707.730437149}}