{"mean":{"confidence_interval":{"confidence_level":0.95,"lower_bound":3194976445.41625,"upper_bound":3213784313.48875},"point_estimate":3204295530.3,"standard_error":4812376.653516084},"median":{"confidence_interval":{"confidence_level":0.95,"lower_bound":3187445338.0,"upper_bound":3219178892.5},"point_estimate":3201051778.75,"standard_error":7874183.900603179},"median_abs_dev":{"confidence_interval":{"confidence_level":0.95,"lower_bound":1710960.7704743743,"upper_bound":26520710.152213275},"point_estimate":21161498.5766083,"standard_error":6561675.4409161955},"slope":null,"std_dev":{"confidence_interval":{"confidence_level":0.95,"lower_bound":10071099.315406753,"upper_bound":19081125.92648313},"point_estimate":16055439.818949629,"standard_error":2294671.0199132683}}