{"mean":{"confidence_interval":{"confidence_level":0.95,"lower_bound":207149931.9887887,"upper_bound":207596243.19598812},"point_estimate":207357356.65920633,"standard_error":115040.83283687024},"median":{"confidence_interval":{"confidence_level":0.95,"lower_bound":207082755.7142857,"upper_bound":207641221.45},"point_estimate":207190869.3333333,"standard_error":149855.96419971637},"median_abs_dev":{"confidence_interval":{"confidence_level":0.95,"lower_bound":49497.87680456054,"upper_bound":606670.7578515289},"point_estimate":216928.39426875557,"standard_error":151748.39798984435},"slope":{"confidence_interval":{"confidence_level":0.95,"lower_bound":207194897.35312104,"upper_bound":207740142.125},"point_estimate":207485938.7012987,"standard_error":136922.59617955185},"std_dev":{"confidence_interval":{"confidence_level":0.95,"lower_bound":141740.1522774047,"upper_bound":481316.35894625884},"point_estimate":382650.58036264783,"standard_error":82732.15838506962}}