{"mean":{"confidence_interval":{"confidence_level":0.95,"lower_bound":5909512.523111113,"upper_bound":5929418.374472224},"point_estimate":5918438.08222222,"standard_error":5104.194186727224},"median":{"confidence_interval":{"confidence_level":0.95,"lower_bound":5899741.888888889,"upper_bound":5908307.222222222},"point_estimate":5903385.666666666,"standard_error":2460.0305257450814},"median_abs_dev":{"confidence_interval":{"confidence_level":0.95,"lower_bound":11970.594554146744,"upper_bound":22139.171206951603},"point_estimate":16659.234604238773,"standard_error":2690.070103634525},"slope":null,"std_dev":{"confidence_interval":{"confidence_level":0.95,"lower_bound":25094.307947785408,"upper_bound":72044.0630597949},"point_estimate":51311.983525369586,"standard_error":11766.291618450097}}