{"mean":{"confidence_interval":{"confidence_level":0.95,"lower_bound":268984966.3612897,"upper_bound":270661934.0748016},"point_estimate":269809482.15545636,"standard_error":429861.27262853936},"median":{"confidence_interval":{"confidence_level":0.95,"lower_bound":268368816.3611111,"upper_bound":271033684.25},"point_estimate":269833778.25,"standard_error":605415.5363480585},"median_abs_dev":{"confidence_interval":{"confidence_level":0.95,"lower_bound":317193.1093136789,"upper_bound":2494982.6745118443},"point_estimate":1975466.5309617966,"standard_error":593582.3231218184},"slope":{"confidence_interval":{"confidence_level":0.95,"lower_bound":268725688.0967742,"upper_bound":270927672.3620178},"point_estimate":269586084.89350647,"standard_error":561330.0610605801},"std_dev":{"confidence_interval":{"confidence_level":0.95,"lower_bound":839470.0690439285,"upper_bound":1781908.177085239},"point_estimate":1438278.500043467,"standard_error":241482.1206347911}}