{"mean":{"confidence_interval":{"confidence_level":0.95,"lower_bound":3077251.401333334,"upper_bound":3126566.7982833325},"point_estimate":3099839.735333333,"standard_error":12612.935154811996},"median":{"confidence_interval":{"confidence_level":0.95,"lower_bound":3053950.3,"upper_bound":3060714.2},"point_estimate":3056241.5666666664,"standard_error":1992.1665005839632},"median_abs_dev":{"confidence_interval":{"confidence_level":0.95,"lower_bound":9042.574919461813,"upper_bound":16808.977201581347},"point_estimate":12489.52101826631,"standard_error":1991.5187010773059},"slope":null,"std_dev":{"confidence_interval":{"confidence_level":0.95,"lower_bound":78192.89682806085,"upper_bound":166772.2774716548},"point_estimate":126388.01978704278,"standard_error":22567.49725751858}}