{"mean":{"confidence_interval":{"confidence_level":0.95,"lower_bound":2977160.5370833324,"upper_bound":3018811.710366666},"point_estimate":2995818.597999999,"standard_error":10764.31212206365},"median":{"confidence_interval":{"confidence_level":0.95,"lower_bound":2962440.933333333,"upper_bound":2967975.533333333},"point_estimate":2966440.2,"standard_error":1424.0665196922776},"median_abs_dev":{"confidence_interval":{"confidence_level":0.95,"lower_bound":8564.273341953567,"upper_bound":14799.609457254686},"point_estimate":11775.204350948241,"standard_error":1616.6230405463016},"slope":null,"std_dev":{"confidence_interval":{"confidence_level":0.95,"lower_bound":55395.01989078925,"upper_bound":154060.84851206723},"point_estimate":108376.50773906578,"standard_error":25473.5351053086}}