{"mean":{"confidence_interval":{"confidence_level":0.95,"lower_bound":381892904.86031747,"upper_bound":384347452.8013796},"point_estimate":383009744.189947,"standard_error":630322.2585205324},"median":{"confidence_interval":{"confidence_level":0.95,"lower_bound":381449090.7777778,"upper_bound":384574566.5185185},"point_estimate":382047330.1944444,"standard_error":840721.0581575079},"median_abs_dev":{"confidence_interval":{"confidence_level":0.95,"lower_bound":173474.24565356947,"upper_bound":3739309.4044772824},"point_estimate":1377947.2363198404,"standard_error":845871.798979511},"slope":{"confidence_interval":{"confidence_level":0.95,"lower_bound":382117574.27882385,"upper_bound":384792160.25018233},"point_estimate":383682824.608658,"standard_error":672145.932738152},"std_dev":{"confidence_interval":{"confidence_level":0.95,"lower_bound":925362.4977917104,"upper_bound":2813991.9420717484},"point_estimate":2111344.420275771,"standard_error":513670.5014816948}}