{"mean":{"confidence_interval":{"confidence_level":0.95,"lower_bound":6297969.155,"upper_bound":6321847.792656249},"point_estimate":6309028.8525,"standard_error":6093.955302172372},"median":{"confidence_interval":{"confidence_level":0.95,"lower_bound":6285688.375,"upper_bound":6293707.75},"point_estimate":6289616.3125,"standard_error":2204.1516063500035},"median_abs_dev":{"confidence_interval":{"confidence_level":0.95,"lower_bound":12494.703940674663,"upper_bound":22390.96610248089},"point_estimate":16677.8597664088,"standard_error":2524.477587835509},"slope":null,"std_dev":{"confidence_interval":{"confidence_level":0.95,"lower_bound":39918.927739321814,"upper_bound":78912.54399379653},"point_estimate":61077.408917291126,"standard_error":9942.14614739025}}