{"mean":{"confidence_interval":{"confidence_level":0.95,"lower_bound":291166446.9595238,"upper_bound":292243761.38060516},"point_estimate":291661735.5121164,"standard_error":276534.38351944817},"median":{"confidence_interval":{"confidence_level":0.95,"lower_bound":290907796.2166667,"upper_bound":292119181.29761904},"point_estimate":291671509.2962963,"standard_error":340885.23340331536},"median_abs_dev":{"confidence_interval":{"confidence_level":0.95,"lower_bound":210537.35056221485,"upper_bound":1535734.7986325023},"point_estimate":895891.0532147767,"standard_error":334970.3038844835},"slope":{"confidence_interval":{"confidence_level":0.95,"lower_bound":290847492.49078727,"upper_bound":291973623.8637791},"point_estimate":291316170.7099567,"standard_error":289764.9030112673},"std_dev":{"confidence_interval":{"confidence_level":0.95,"lower_bound":451589.5072141343,"upper_bound":1253781.645482915},"point_estimate":919768.6756373858,"standard_error":230704.83016816244}}