{"mean":{"confidence_interval":{"confidence_level":0.95,"lower_bound":7307798962.605,"upper_bound":7400229692.67},"point_estimate":7356974806.0,"standard_error":23644707.943149365},"median":{"confidence_interval":{"confidence_level":0.95,"lower_bound":7304681066.5,"upper_bound":7403549139.0},"point_estimate":7382852114.0,"standard_error":24363774.913996905},"median_abs_dev":{"confidence_interval":{"confidence_level":0.95,"lower_bound":10538245.741608739,"upper_bound":123786082.82565773},"point_estimate":41137388.64106536,"standard_error":31669888.296773694},"slope":null,"std_dev":{"confidence_interval":{"confidence_level":0.95,"lower_bound":30300651.454814937,"upper_bound":102643220.92070973},"point_estimate":79145973.43376783,"standard_error":18170632.475368608}}