{"mean":{"confidence_interval":{"confidence_level":0.95,"lower_bound":6365091.30296875,"upper_bound":6395959.83575},"point_estimate":6378149.43875,"standard_error":8053.031134045542},"median":{"confidence_interval":{"confidence_level":0.95,"lower_bound":6358205.0,"upper_bound":6362949.25},"point_estimate":6360004.5,"standard_error":1337.6138117597345},"median_abs_dev":{"confidence_interval":{"confidence_level":0.95,"lower_bound":9653.023103624582,"upper_bound":18814.378990978003},"point_estimate":14163.64819854498,"standard_error":2436.419500245816},"slope":null,"std_dev":{"confidence_interval":{"confidence_level":0.95,"lower_bound":19983.29404231476,"upper_bound":125251.23550570956},"point_estimate":81203.70703468162,"standard_error":28412.125166680067}}