{"mean":{"confidence_interval":{"confidence_level":0.95,"lower_bound":213581715.3237991,"upper_bound":213685478.52290922},"point_estimate":213631780.76464283,"standard_error":26744.47453753263},"median":{"confidence_interval":{"confidence_level":0.95,"lower_bound":213554838.85,"upper_bound":213733989.25},"point_estimate":213605202.71666667,"standard_error":46576.13638548919},"median_abs_dev":{"confidence_interval":{"confidence_level":0.95,"lower_bound":17057.71114591067,"upper_bound":146362.0686327965},"point_estimate":97945.87573611626,"standard_error":34511.26782957553},"slope":{"confidence_interval":{"confidence_level":0.95,"lower_bound":213557650.0130435,"upper_bound":213623043.41666666},"point_estimate":213584366.37532467,"standard_error":16536.37888351284},"std_dev":{"confidence_interval":{"confidence_level":0.95,"lower_bound":53646.47419124854,"upper_bound":103771.72613489293},"point_estimate":89024.32539489387,"standard_error":12811.275705188134}}