{"mean":{"confidence_interval":{"confidence_level":0.95,"lower_bound":3864390197.65625,"upper_bound":3879749313.8},"point_estimate":3872398946.45,"standard_error":3939958.346898228},"median":{"confidence_interval":{"confidence_level":0.95,"lower_bound":3859676335.5,"upper_bound":3883555032.0},"point_estimate":3878080646.0,"standard_error":6447616.8332493035},"median_abs_dev":{"confidence_interval":{"confidence_level":0.95,"lower_bound":2267422.0533952117,"upper_bound":21705559.022699296},"point_estimate":10571569.029267132,"standard_error":5348561.416744011},"slope":null,"std_dev":{"confidence_interval":{"confidence_level":0.95,"lower_bound":6864470.280740342,"upper_bound":15446592.804868396},"point_estimate":13112181.437469898,"standard_error":2143962.238167342}}