{"mean":{"confidence_interval":{"confidence_level":0.95,"lower_bound":97715001.75285715,"upper_bound":98135980.36898148},"point_estimate":97911025.52296737,"standard_error":108812.56104517411},"median":{"confidence_interval":{"confidence_level":0.95,"lower_bound":97642614.1904762,"upper_bound":98182452.40277778},"point_estimate":97778946.88580248,"standard_error":127958.86665864452},"median_abs_dev":{"confidence_interval":{"confidence_level":0.95,"lower_bound":53580.52424949263,"upper_bound":582835.7715859101},"point_estimate":243979.33724675525,"standard_error":130715.53994930195},"slope":{"confidence_interval":{"confidence_level":0.95,"lower_bound":97693200.28450833,"upper_bound":97957366.89375506},"point_estimate":97786904.51399711,"standard_error":68142.81630565996},"std_dev":{"confidence_interval":{"confidence_level":0.95,"lower_bound":131706.9424641751,"upper_bound":454221.1608012931},"point_estimate":361485.1174130668,"standard_error":81486.23646309707}}