{"mean":{"confidence_interval":{"confidence_level":0.95,"lower_bound":5912208433.1,"upper_bound":6005910423.7},"point_estimate":5955873696.1,"standard_error":24052842.32986364},"median":{"confidence_interval":{"confidence_level":0.95,"lower_bound":5905434201.0,"upper_bound":5996726963.0},"point_estimate":5938078677.5,"standard_error":22288517.447967898},"median_abs_dev":{"confidence_interval":{"confidence_level":0.95,"lower_bound":10039168.490669131,"upper_bound":129790471.13075852},"point_estimate":56896043.09549332,"standard_error":30562442.182097867},"slope":null,"std_dev":{"confidence_interval":{"confidence_level":0.95,"lower_bound":33966183.43991861,"upper_bound":108845789.33653101},"point_estimate":79853236.2979718,"standard_error":20369020.65266498}}