{"mean":{"confidence_interval":{"confidence_level":0.95,"lower_bound":217961531.701625,"upper_bound":219768798.298125},"point_estimate":218819697.085,"standard_error":459985.24059832655},"median":{"confidence_interval":{"confidence_level":0.95,"lower_bound":216653390.75,"upper_bound":217855391.5},"point_estimate":217133434.0,"standard_error":355115.7686982056},"median_abs_dev":{"confidence_interval":{"confidence_level":0.95,"lower_bound":1647211.0935774099,"upper_bound":3227849.5750442147},"point_estimate":2205175.093500316,"standard_error":447084.31979600777},"slope":null,"std_dev":{"confidence_interval":{"confidence_level":0.95,"lower_bound":3362600.112409742,"upper_bound":5697992.098780746},"point_estimate":4631391.150511737,"standard_error":595211.5671493319}}