{"mean":{"confidence_interval":{"confidence_level":0.95,"lower_bound":222010602.029125,"upper_bound":223045482.5855},"point_estimate":222494866.71,"standard_error":265306.2983276616},"median":{"confidence_interval":{"confidence_level":0.95,"lower_bound":221339618.75,"upper_bound":221873163.5},"point_estimate":221604992.0,"standard_error":134604.5847750933},"median_abs_dev":{"confidence_interval":{"confidence_level":0.95,"lower_bound":752838.321134448,"upper_bound":1331637.5672087073},"point_estimate":1069926.7959550023,"standard_error":145392.96173522196},"slope":null,"std_dev":{"confidence_interval":{"confidence_level":0.95,"lower_bound":1797383.019223912,"upper_bound":3430794.4051837022},"point_estimate":2669912.9147809544,"standard_error":417420.31248046074}}