{"mean":{"confidence_interval":{"confidence_level":0.95,"lower_bound":5828328.903277777,"upper_bound":5885182.873138889},"point_estimate":5854125.07,"standard_error":14572.986453906804},"median":{"confidence_interval":{"confidence_level":0.95,"lower_bound":5799894.777777778,"upper_bound":5806841.0},"point_estimate":5802838.222222222,"standard_error":1655.4967451520452},"median_abs_dev":{"confidence_interval":{"confidence_level":0.95,"lower_bound":12095.050585269928,"upper_bound":22280.427978609474},"point_estimate":18120.41924496484,"standard_error":2530.3441700584044},"slope":null,"std_dev":{"confidence_interval":{"confidence_level":0.95,"lower_bound":82925.84933355828,"upper_bound":201478.5747402664},"point_estimate":146267.94132802004,"standard_error":30535.087850938984}}