{"mean":{"confidence_interval":{"confidence_level":0.95,"lower_bound":94337.26307773353,"upper_bound":95296.3293296612},"point_estimate":94772.55561913343,"standard_error":246.31555481945446},"median":{"confidence_interval":{"confidence_level":0.95,"lower_bound":93807.69758812616,"upper_bound":93972.7984931735},"point_estimate":93816.4685828877,"standard_error":43.64600492079035},"median_abs_dev":{"confidence_interval":{"confidence_level":0.95,"lower_bound":80.72403231783557,"upper_bound":335.31020131977965},"point_estimate":110.39443614403332,"standard_error":65.41384646770128},"slope":{"confidence_interval":{"confidence_level":0.95,"lower_bound":94830.43025145023,"upper_bound":96539.73447752139},"point_estimate":95622.47695447157,"standard_error":438.6524609294762},"std_dev":{"confidence_interval":{"confidence_level":0.95,"lower_bound":1419.8285226128874,"upper_bound":3420.248361030554},"point_estimate":2474.6403379636104,"standard_error":518.2471045812139}}