{"mean":{"confidence_interval":{"confidence_level":0.95,"lower_bound":96242.26609267425,"upper_bound":98049.82238176093},"point_estimate":97126.68243707331,"standard_error":462.6578798751067},"median":{"confidence_interval":{"confidence_level":0.95,"lower_bound":93305.77961432507,"upper_bound":96549.07925407926},"point_estimate":95436.34818392465,"standard_error":747.8454391080361},"median_abs_dev":{"confidence_interval":{"confidence_level":0.95,"lower_bound":505.66193318842807,"upper_bound":5220.0397447980295},"point_estimate":3599.5047346023593,"standard_error":1082.8737787784748},"slope":{"confidence_interval":{"confidence_level":0.95,"lower_bound":93632.69238004171,"upper_bound":94246.07496712489},"point_estimate":93895.13781399035,"standard_error":157.12430076259437},"std_dev":{"confidence_interval":{"confidence_level":0.95,"lower_bound":4103.175385332386,"upper_bound":5102.326033394354},"point_estimate":4652.816725806708,"standard_error":254.6112826047168}}