{"mean":{"confidence_interval":{"confidence_level":0.95,"lower_bound":6445709820.2,"upper_bound":6493837115.735001},"point_estimate":6469245677.2,"standard_error":12343750.746665897},"median":{"confidence_interval":{"confidence_level":0.95,"lower_bound":6431749083.0,"upper_bound":6519987428.0},"point_estimate":6452675536.0,"standard_error":24296869.536161568},"median_abs_dev":{"confidence_interval":{"confidence_level":0.95,"lower_bound":2899924.035716057,"upper_bound":64867780.037766695},"point_estimate":40127366.66769683,"standard_error":17050840.55801356},"slope":null,"std_dev":{"confidence_interval":{"confidence_level":0.95,"lower_bound":27058353.149833243,"upper_bound":46640745.889252014},"point_estimate":41278766.62718295,"standard_error":5271756.849929738}}