{"mean":{"confidence_interval":{"confidence_level":0.95,"lower_bound":5756124996.8,"upper_bound":5793267370.0},"point_estimate":5773873232.6,"standard_error":9542458.995420445},"median":{"confidence_interval":{"confidence_level":0.95,"lower_bound":5745472886.0,"upper_bound":5795956351.0},"point_estimate":5770331722.5,"standard_error":16056725.688306762},"median_abs_dev":{"confidence_interval":{"confidence_level":0.95,"lower_bound":5554491.860488057,"upper_bound":57502596.98372483},"point_estimate":37423391.94010198,"standard_error":13618109.443632523},"slope":null,"std_dev":{"confidence_interval":{"confidence_level":0.95,"lower_bound":18547717.596154068,"upper_bound":40150225.831685536},"point_estimate":31778293.210925832,"standard_error":5840605.900420306}}