{"mean":{"confidence_interval":{"confidence_level":0.95,"lower_bound":6027637365.1,"upper_bound":6104632513.16},"point_estimate":6062474817.7,"standard_error":19763028.880417224},"median":{"confidence_interval":{"confidence_level":0.95,"lower_bound":6011067292.0,"upper_bound":6108283302.0},"point_estimate":6039476893.5,"standard_error":25012354.804275203},"median_abs_dev":{"confidence_interval":{"confidence_level":0.95,"lower_bound":7039956.95861578,"upper_bound":99632696.76086605},"point_estimate":53089165.953978896,"standard_error":24995356.079734232},"slope":null,"std_dev":{"confidence_interval":{"confidence_level":0.95,"lower_bound":26475239.44015068,"upper_bound":86950115.12544945},"point_estimate":65737254.19732633,"standard_error":16143519.15689513}}