{"mean":{"confidence_interval":{"confidence_level":0.95,"lower_bound":6044948873.425,"upper_bound":6091068149.2},"point_estimate":6065603027.1,"standard_error":11804468.124844253},"median":{"confidence_interval":{"confidence_level":0.95,"lower_bound":6038122621.0,"upper_bound":6098316732.0},"point_estimate":6050345542.5,"standard_error":13247828.327283852},"median_abs_dev":{"confidence_interval":{"confidence_level":0.95,"lower_bound":2431839.0546262264,"upper_bound":52891843.758282065},"point_estimate":18127997.47236371,"standard_error":12129279.911949962},"slope":null,"std_dev":{"confidence_interval":{"confidence_level":0.95,"lower_bound":10653431.504125912,"upper_bound":49295184.07889812},"point_estimate":39329867.02825219,"standard_error":10233003.637716644}}