{"mean":{"confidence_interval":{"confidence_level":0.95,"lower_bound":4701019.169295454,"upper_bound":4732362.583636364},"point_estimate":4715997.473636363,"standard_error":7992.979276079472},"median":{"confidence_interval":{"confidence_level":0.95,"lower_bound":4687720.136363637,"upper_bound":4705770.090909091},"point_estimate":4697744.181818182,"standard_error":4895.46725582851},"median_abs_dev":{"confidence_interval":{"confidence_level":0.95,"lower_bound":31116.471293026374,"upper_bound":55716.3765744727},"point_estimate":43568.76108104501,"standard_error":6415.040931055321},"slope":null,"std_dev":{"confidence_interval":{"confidence_level":0.95,"lower_bound":59173.39748758073,"upper_bound":100273.97628942829},"point_estimate":80306.57254934349,"standard_error":10543.933687807186}}