{"mean":{"confidence_interval":{"confidence_level":0.95,"lower_bound":4623182.065727272,"upper_bound":4657521.110909091},"point_estimate":4639157.678181819,"standard_error":8776.8128005098},"median":{"confidence_interval":{"confidence_level":0.95,"lower_bound":4600096.0,"upper_bound":4632297.181818182},"point_estimate":4616796.681818182,"standard_error":8442.947830406072},"median_abs_dev":{"confidence_interval":{"confidence_level":0.95,"lower_bound":35121.849903736125,"upper_bound":62183.81461419855},"point_estimate":47141.82701761041,"standard_error":6964.827728559609},"slope":null,"std_dev":{"confidence_interval":{"confidence_level":0.95,"lower_bound":56747.94761007278,"upper_bound":113317.91111938369},"point_estimate":87786.58424159685,"standard_error":14410.836590173289}}