{"mean":{"confidence_interval":{"confidence_level":0.95,"lower_bound":435903.4558039364,"upper_bound":439415.1316351033},"point_estimate":437353.1700439033,"standard_error":915.0286302898132},"median":{"confidence_interval":{"confidence_level":0.95,"lower_bound":434974.9885057471,"upper_bound":435430.1631205674},"point_estimate":435124.3304916903,"standard_error":104.4976034266411},"median_abs_dev":{"confidence_interval":{"confidence_level":0.95,"lower_bound":421.7754687552509,"upper_bound":967.2234267307897},"point_estimate":655.7971161706605,"standard_error":134.18512905843022},"slope":{"confidence_interval":{"confidence_level":0.95,"lower_bound":435897.0870016577,"upper_bound":441207.9174905771},"point_estimate":437956.8915856362,"standard_error":1416.0147626295718},"std_dev":{"confidence_interval":{"confidence_level":0.95,"lower_bound":2658.506655273362,"upper_bound":14736.944856346357},"point_estimate":9207.638615510135,"standard_error":3520.608451235732}}