{"mean":{"confidence_interval":{"confidence_level":0.95,"lower_bound":4773571556.5,"upper_bound":4891535038.3},"point_estimate":4829063112.1,"standard_error":30104070.069805756},"median":{"confidence_interval":{"confidence_level":0.95,"lower_bound":4752413601.5,"upper_bound":4891893122.0},"point_estimate":4817043690.5,"standard_error":28703162.571186926},"median_abs_dev":{"confidence_interval":{"confidence_level":0.95,"lower_bound":16067831.40513897,"upper_bound":176082873.2237041},"point_estimate":60263464.26140964,"standard_error":45515609.5489024},"slope":null,"std_dev":{"confidence_interval":{"confidence_level":0.95,"lower_bound":46854476.864606135,"upper_bound":131206191.9312156},"point_estimate":99528226.99573292,"standard_error":22136916.365601927}}