{"mean":{"confidence_interval":{"confidence_level":0.95,"lower_bound":172400009.32557145,"upper_bound":172936491.10702735},"point_estimate":172638985.06152382,"standard_error":139318.27561406008},"median":{"confidence_interval":{"confidence_level":0.95,"lower_bound":172324061.16666666,"upper_bound":172843776.16},"point_estimate":172586060.675,"standard_error":133217.2440624163},"median_abs_dev":{"confidence_interval":{"confidence_level":0.95,"lower_bound":30157.396624587192,"upper_bound":609716.9337323721},"point_estimate":362846.76088321174,"standard_error":152549.28874382656},"slope":{"confidence_interval":{"confidence_level":0.95,"lower_bound":172444304.44210526,"upper_bound":172755536.08708373},"point_estimate":172612555.13714287,"standard_error":77942.47369891842},"std_dev":{"confidence_interval":{"confidence_level":0.95,"lower_bound":169338.56558171028,"upper_bound":654018.5957406732},"point_estimate":463777.2640921144,"standard_error":138488.98015259727}}