{"mean":{"confidence_interval":{"confidence_level":0.95,"lower_bound":3293002844.27875,"upper_bound":3452452380.70875},"point_estimate":3374759708.95,"standard_error":40928102.62280182},"median":{"confidence_interval":{"confidence_level":0.95,"lower_bound":3262177338.5,"upper_bound":3500198690.0},"point_estimate":3398813255.25,"standard_error":79306450.65748775},"median_abs_dev":{"confidence_interval":{"confidence_level":0.95,"lower_bound":10447647.022417188,"upper_bound":228498972.51878232},"point_estimate":181949928.66389304,"standard_error":58622299.04878915},"slope":null,"std_dev":{"confidence_interval":{"confidence_level":0.95,"lower_bound":85872967.74507111,"upper_bound":164596733.25294116},"point_estimate":136200530.528085,"standard_error":20431305.111724734}}