{"mean":{"confidence_interval":{"confidence_level":0.95,"lower_bound":216429102.11826637,"upper_bound":218614106.64958334},"point_estimate":217387784.96339282,"standard_error":564214.761671649},"median":{"confidence_interval":{"confidence_level":0.95,"lower_bound":215999568.25,"upper_bound":218236267.375},"point_estimate":216796067.91071427,"standard_error":651625.5135172773},"median_abs_dev":{"confidence_interval":{"confidence_level":0.95,"lower_bound":129284.79334474493,"upper_bound":2637312.9026783397},"point_estimate":1309030.280503817,"standard_error":636513.9597028393},"slope":{"confidence_interval":{"confidence_level":0.95,"lower_bound":216436038.31432685,"upper_bound":218162393.88618496},"point_estimate":217185246.16428572,"standard_error":450177.88680849614},"std_dev":{"confidence_interval":{"confidence_level":0.95,"lower_bound":723495.9844597997,"upper_bound":2686218.161947135},"point_estimate":1885616.696116931,"standard_error":592673.5170483002}}