{"mean":{"confidence_interval":{"confidence_level":0.95,"lower_bound":240420230.52705353,"upper_bound":241778663.83242556},"point_estimate":241016993.0827381,"standard_error":353158.2555366968},"median":{"confidence_interval":{"confidence_level":0.95,"lower_bound":240367252.45833334,"upper_bound":241708597.89285713},"point_estimate":240503500.9375,"standard_error":293356.4153046484},"median_abs_dev":{"confidence_interval":{"confidence_level":0.95,"lower_bound":42330.45314848423,"upper_bound":1597889.1715317965},"point_estimate":373707.32636537816,"standard_error":347723.509531623},"slope":{"confidence_interval":{"confidence_level":0.95,"lower_bound":240560471.53150684,"upper_bound":242375555.43702996},"point_estimate":241271263.05324677,"standard_error":486319.69985722005},"std_dev":{"confidence_interval":{"confidence_level":0.95,"lower_bound":228913.05791645593,"upper_bound":1573073.5373112203},"point_estimate":1169441.5062382447,"standard_error":362098.5870061267}}