{"mean":{"confidence_interval":{"confidence_level":0.95,"lower_bound":2881085.7693611123,"upper_bound":2899371.7087499998},"point_estimate":2889141.5316666677,"standard_error":4722.860631192071},"median":{"confidence_interval":{"confidence_level":0.95,"lower_bound":2875656.027777778,"upper_bound":2878634.083333333},"point_estimate":2877397.944444444,"standard_error":642.1304066630624},"median_abs_dev":{"confidence_interval":{"confidence_level":0.95,"lower_bound":4671.1371337375585,"upper_bound":7577.033082147593},"point_estimate":5761.96006437158,"standard_error":710.1858180773754},"slope":null,"std_dev":{"confidence_interval":{"confidence_level":0.95,"lower_bound":18106.673492421487,"upper_bound":69459.5048693429},"point_estimate":47285.94434496868,"standard_error":12884.749777458062}}