{"mean":{"confidence_interval":{"confidence_level":0.95,"lower_bound":62442621.32839743,"upper_bound":62537983.39425},"point_estimate":62488323.849487185,"standard_error":24516.650871791277},"median":{"confidence_interval":{"confidence_level":0.95,"lower_bound":62425330.910256416,"upper_bound":62555082.353846155},"point_estimate":62465768.06538461,"standard_error":30498.71220646907},"median_abs_dev":{"confidence_interval":{"confidence_level":0.95,"lower_bound":13132.958002228315,"upper_bound":146030.1042820555},"point_estimate":81339.6713705546,"standard_error":32552.011478833465},"slope":{"confidence_interval":{"confidence_level":0.95,"lower_bound":62435940.45643456,"upper_bound":62567711.30300664},"point_estimate":62507074.56023976,"standard_error":34788.4393208526},"std_dev":{"confidence_interval":{"confidence_level":0.95,"lower_bound":40728.75077260216,"upper_bound":103664.44540980498},"point_estimate":82254.23355301116,"standard_error":15999.98336343697}}