{"mean":{"confidence_interval":{"confidence_level":0.95,"lower_bound":211587304.90974998,"upper_bound":213634510.205875},"point_estimate":212516231.05,"standard_error":522710.6403121278},"median":{"confidence_interval":{"confidence_level":0.95,"lower_bound":210325859.5,"upper_bound":211162982.5},"point_estimate":210905774.5,"standard_error":217701.126782844},"median_abs_dev":{"confidence_interval":{"confidence_level":0.95,"lower_bound":636851.0225511346,"upper_bound":1526547.2020983696},"point_estimate":1233973.5178425908,"standard_error":227842.83466892966},"slope":null,"std_dev":{"confidence_interval":{"confidence_level":0.95,"lower_bound":3005699.167004543,"upper_bound":7115361.280995144},"point_estimate":5294944.746567973,"standard_error":1030071.2560384196}}