{"mean":{"confidence_interval":{"confidence_level":0.95,"lower_bound":212362267.905,"upper_bound":214352724.835125},"point_estimate":213309729.81,"standard_error":510242.613000866},"median":{"confidence_interval":{"confidence_level":0.95,"lower_bound":210722968.5,"upper_bound":212467278.5},"point_estimate":211182843.5,"standard_error":551985.8737184699},"median_abs_dev":{"confidence_interval":{"confidence_level":0.95,"lower_bound":2207116.187515855,"upper_bound":3909948.9742845297},"point_estimate":2917248.5870584846,"standard_error":443772.1783158359},"slope":null,"std_dev":{"confidence_interval":{"confidence_level":0.95,"lower_bound":4057848.256285957,"upper_bound":6050399.543096008},"point_estimate":5140025.891996844,"standard_error":508219.661358287}}