{"mean":{"confidence_interval":{"confidence_level":0.95,"lower_bound":292124529.9259921,"upper_bound":302843774.41396827},"point_estimate":296752200.1698016,"standard_error":2795197.063604854},"median":{"confidence_interval":{"confidence_level":0.95,"lower_bound":291486780.8541666,"upper_bound":302202843.35},"point_estimate":292461216.71428573,"standard_error":2358626.55000246},"median_abs_dev":{"confidence_interval":{"confidence_level":0.95,"lower_bound":136765.89397197892,"upper_bound":11876087.643767362},"point_estimate":1870538.728653839,"standard_error":2573317.5497234236},"slope":{"confidence_interval":{"confidence_level":0.95,"lower_bound":292452301.40109557,"upper_bound":300342860.3099603},"point_estimate":295037835.14372295,"standard_error":2039559.6315027508},"std_dev":{"confidence_interval":{"confidence_level":0.95,"lower_bound":1204692.014175142,"upper_bound":12427005.492378186},"point_estimate":9327777.905607864,"standard_error":3030357.1275906703}}