{"mean":{"confidence_interval":{"confidence_level":0.95,"lower_bound":44110609.435927324,"upper_bound":44423380.87295034},"point_estimate":44255345.42064537,"standard_error":80431.15968915523},"median":{"confidence_interval":{"confidence_level":0.95,"lower_bound":44052766.77192982,"upper_bound":44425046.684210524},"point_estimate":44182909.96287594,"standard_error":91573.95161686768},"median_abs_dev":{"confidence_interval":{"confidence_level":0.95,"lower_bound":45478.80435574967,"upper_bound":442698.07710106455},"point_estimate":215622.2687923345,"standard_error":102063.21144629241},"slope":{"confidence_interval":{"confidence_level":0.95,"lower_bound":44129594.05841364,"upper_bound":44348124.01583605},"point_estimate":44237785.6784689,"standard_error":54907.530888940535},"std_dev":{"confidence_interval":{"confidence_level":0.95,"lower_bound":100062.7944062901,"upper_bound":339654.59434068244},"point_estimate":267805.43157694786,"standard_error":59664.31064749092}}