{"mean":{"confidence_interval":{"confidence_level":0.95,"lower_bound":5551010135.1,"upper_bound":5647873650.6},"point_estimate":5597333766.8,"standard_error":24818108.75510364},"median":{"confidence_interval":{"confidence_level":0.95,"lower_bound":5528325896.0,"upper_bound":5696335189.0},"point_estimate":5570725500.0,"standard_error":37691713.39046916},"median_abs_dev":{"confidence_interval":{"confidence_level":0.95,"lower_bound":10932626.971507072,"upper_bound":118761288.35336566},"point_estimate":68327965.26013613,"standard_error":31389695.861439485},"slope":null,"std_dev":{"confidence_interval":{"confidence_level":0.95,"lower_bound":33879890.244493864,"upper_bound":97160079.96608818},"point_estimate":82687425.96383251,"standard_error":13877089.537052201}}