{"mean":{"confidence_interval":{"confidence_level":0.95,"lower_bound":5495631146.7,"upper_bound":5540105393.035},"point_estimate":5515155538.0,"standard_error":11529127.3498885},"median":{"confidence_interval":{"confidence_level":0.95,"lower_bound":5485536740.0,"upper_bound":5532284093.0},"point_estimate":5503699474.5,"standard_error":11550627.299795857},"median_abs_dev":{"confidence_interval":{"confidence_level":0.95,"lower_bound":5648969.0612107515,"upper_bound":49567349.050703645},"point_estimate":28582649.77965653,"standard_error":11388324.53055455},"slope":null,"std_dev":{"confidence_interval":{"confidence_level":0.95,"lower_bound":14286211.457295556,"upper_bound":54857617.9906089},"point_estimate":38539184.47888318,"standard_error":12032617.078130083}}