{"mean":{"confidence_interval":{"confidence_level":0.95,"lower_bound":2972768619.3,"upper_bound":3040924898.85875},"point_estimate":3007700740.35,"standard_error":17515201.036064364},"median":{"confidence_interval":{"confidence_level":0.95,"lower_bound":2953542685.5,"upper_bound":3058541687.0},"point_estimate":3024342532.25,"standard_error":33746119.229781464},"median_abs_dev":{"confidence_interval":{"confidence_level":0.95,"lower_bound":10060861.15218401,"upper_bound":90963146.34223133},"point_estimate":69284002.80326307,"standard_error":22916859.98010196},"slope":null,"std_dev":{"confidence_interval":{"confidence_level":0.95,"lower_bound":36978384.44776086,"upper_bound":68124265.4320578},"point_estimate":58186807.62687685,"standard_error":7884255.84026343}}