{"mean":{"confidence_interval":{"confidence_level":0.95,"lower_bound":6078624604.3375,"upper_bound":6140118844.5},"point_estimate":6103448831.4,"standard_error":16354567.152500376},"median":{"confidence_interval":{"confidence_level":0.95,"lower_bound":6074162003.0,"upper_bound":6112581824.5},"point_estimate":6087052706.0,"standard_error":10160249.478326352},"median_abs_dev":{"confidence_interval":{"confidence_level":0.95,"lower_bound":5203684.243816137,"upper_bound":46982004.560002685},"point_estimate":21619395.871979,"standard_error":11422719.428101636},"slope":null,"std_dev":{"confidence_interval":{"confidence_level":0.95,"lower_bound":11064936.456355104,"upper_bound":81036974.81366761},"point_estimate":54122248.47735907,"standard_error":21945348.84319003}}