{"mean":{"confidence_interval":{"confidence_level":0.95,"lower_bound":52400.70485279609,"upper_bound":52686.19800494279},"point_estimate":52518.10901995881,"standard_error":75.56522602282001},"median":{"confidence_interval":{"confidence_level":0.95,"lower_bound":52372.08482714469,"upper_bound":52384.7023765708},"point_estimate":52378.46875,"standard_error":3.1435768292231265},"median_abs_dev":{"confidence_interval":{"confidence_level":0.95,"lower_bound":19.622435832283905,"upper_bound":36.47058960627271},"point_estimate":26.219804421722557,"standard_error":4.219881832464693},"slope":{"confidence_interval":{"confidence_level":0.95,"lower_bound":52394.0625380687,"upper_bound":52945.167619900356},"point_estimate":52577.01904163394,"standard_error":161.75128379457087},"std_dev":{"confidence_interval":{"confidence_level":0.95,"lower_bound":92.09472600758694,"upper_bound":1187.6378437603792},"point_estimate":760.206149148913,"standard_error":294.2210089959902}}