{"mean":{"confidence_interval":{"confidence_level":0.95,"lower_bound":308660843.3964286,"upper_bound":310459667.38180953},"point_estimate":309497321.29071426,"standard_error":461114.6704883287},"median":{"confidence_interval":{"confidence_level":0.95,"lower_bound":308628916.42857146,"upper_bound":310582270.1333333},"point_estimate":309029858.125,"standard_error":526838.6653465728},"median_abs_dev":{"confidence_interval":{"confidence_level":0.95,"lower_bound":93133.9033716016,"upper_bound":2449760.2289080913},"point_estimate":904666.7954389622,"standard_error":623002.7321255584},"slope":{"confidence_interval":{"confidence_level":0.95,"lower_bound":308790682.41073215,"upper_bound":311652356.2819943},"point_estimate":310224719.2623377,"standard_error":779498.9681629837},"std_dev":{"confidence_interval":{"confidence_level":0.95,"lower_bound":658213.2763292004,"upper_bound":2099291.5172157576},"point_estimate":1536943.0640916189,"standard_error":389763.3705466942}}