{"mean":{"confidence_interval":{"confidence_level":0.95,"lower_bound":56977.480296552705,"upper_bound":57478.69250495602},"point_estimate":57215.58147589051,"standard_error":127.9088210683189},"median":{"confidence_interval":{"confidence_level":0.95,"lower_bound":56419.51515151515,"upper_bound":56627.007309941524},"point_estimate":56481.80318836936,"standard_error":77.29458458951228},"median_abs_dev":{"confidence_interval":{"confidence_level":0.95,"lower_bound":171.17855574651006,"upper_bound":509.7931374400335},"point_estimate":264.79980661440817,"standard_error":117.31681556805495},"slope":{"confidence_interval":{"confidence_level":0.95,"lower_bound":56438.570147552324,"upper_bound":56727.73748137069},"point_estimate":56547.87707042346,"standard_error":76.71220647449795},"std_dev":{"confidence_interval":{"confidence_level":0.95,"lower_bound":953.7534499823083,"upper_bound":1630.4029532571733},"point_estimate":1288.7870759675181,"standard_error":176.28813087321583}}