{"mean":{"confidence_interval":{"confidence_level":0.95,"lower_bound":175300816.271,"upper_bound":176484061.335},"point_estimate":175842565.295,"standard_error":302702.05448695587},"median":{"confidence_interval":{"confidence_level":0.95,"lower_bound":174476679.0,"upper_bound":174687628.0},"point_estimate":174589516.75,"standard_error":54913.57853934394},"median_abs_dev":{"confidence_interval":{"confidence_level":0.95,"lower_bound":244478.14110964537,"upper_bound":669684.1070607305},"point_estimate":408902.5553405285,"standard_error":107539.45125411054},"slope":null,"std_dev":{"confidence_interval":{"confidence_level":0.95,"lower_bound":1769299.4204740603,"upper_bound":4127107.372653985},"point_estimate":3048958.402756969,"standard_error":600684.753912698}}