{"mean":{"confidence_interval":{"confidence_level":0.95,"lower_bound":8459595860.97,"upper_bound":8530746429.6525},"point_estimate":8493148893.2,"standard_error":18305834.468399607},"median":{"confidence_interval":{"confidence_level":0.95,"lower_bound":8442795354.5,"upper_bound":8534963266.0},"point_estimate":8478591317.0,"standard_error":26641839.487054404},"median_abs_dev":{"confidence_interval":{"confidence_level":0.95,"lower_bound":9822212.223520875,"upper_bound":100420586.7105782},"point_estimate":58155485.82763374,"standard_error":25190644.790005572},"slope":null,"std_dev":{"confidence_interval":{"confidence_level":0.95,"lower_bound":28462179.151444852,"upper_bound":76595126.77772336},"point_estimate":61141218.70462241,"standard_error":12102452.838692555}}