{"mean":{"confidence_interval":{"confidence_level":0.95,"lower_bound":5687418.450333335,"upper_bound":5779707.631888889},"point_estimate":5726028.0233333325,"standard_error":24001.19260072721},"median":{"confidence_interval":{"confidence_level":0.95,"lower_bound":5666756.222222222,"upper_bound":5676237.666666667},"point_estimate":5669996.611111111,"standard_error":2148.1031086827106},"median_abs_dev":{"confidence_interval":{"confidence_level":0.95,"lower_bound":12585.955909887796,"upper_bound":22051.697808503875},"point_estimate":16614.509505033722,"standard_error":2454.1613797320183},"slope":null,"std_dev":{"confidence_interval":{"confidence_level":0.95,"lower_bound":77518.06251900198,"upper_bound":381439.7341568184},"point_estimate":240933.35759911724,"standard_error":86551.49623012202}}