{"mean":{"confidence_interval":{"confidence_level":0.95,"lower_bound":68662.8536309709,"upper_bound":69439.27459589147},"point_estimate":68993.57724165134,"standard_error":201.50189235330737},"median":{"confidence_interval":{"confidence_level":0.95,"lower_bound":68678.74285714286,"upper_bound":68739.23703703703},"point_estimate":68709.3146031746,"standard_error":15.086598229268446},"median_abs_dev":{"confidence_interval":{"confidence_level":0.95,"lower_bound":123.15174302397537,"upper_bound":359.56432156920715},"point_estimate":207.37310261773553,"standard_error":57.625259604756586},"slope":{"confidence_interval":{"confidence_level":0.95,"lower_bound":68673.85568019471,"upper_bound":69895.49347603027},"point_estimate":69240.86418146889,"standard_error":316.64146337040205},"std_dev":{"confidence_interval":{"confidence_level":0.95,"lower_bound":727.4058711248537,"upper_bound":3130.3927114053504},"point_estimate":2018.4761407756857,"standard_error":658.3330478739418}}