{"mean":{"confidence_interval":{"confidence_level":0.95,"lower_bound":6232371330.7,"upper_bound":6380919655.0},"point_estimate":6290686975.8,"standard_error":40627349.028758824},"median":{"confidence_interval":{"confidence_level":0.95,"lower_bound":6212559617.0,"upper_bound":6295605374.0},"point_estimate":6260011313.5,"standard_error":25952527.554021157},"median_abs_dev":{"confidence_interval":{"confidence_level":0.95,"lower_bound":7200458.042666316,"upper_bound":102731993.42804253},"point_estimate":60643486.5105629,"standard_error":25308782.026615307},"slope":null,"std_dev":{"confidence_interval":{"confidence_level":0.95,"lower_bound":29383092.42921801,"upper_bound":207710540.9276485},"point_estimate":136171238.66201484,"standard_error":60617107.86882035}}