{"mean":{"confidence_interval":{"confidence_level":0.95,"lower_bound":313767870.455877,"upper_bound":315070503.4311548},"point_estimate":314330580.33904755,"standard_error":337550.851100086},"median":{"confidence_interval":{"confidence_level":0.95,"lower_bound":313541121.68333334,"upper_bound":314772100.1111111},"point_estimate":313931247.3888889,"standard_error":407220.1340296294},"median_abs_dev":{"confidence_interval":{"confidence_level":0.95,"lower_bound":85420.09632348425,"upper_bound":1662766.546179976},"point_estimate":757234.7819130953,"standard_error":377500.44060518837},"slope":{"confidence_interval":{"confidence_level":0.95,"lower_bound":313649813.372807,"upper_bound":314975635.05390537},"point_estimate":314207815.23376626,"standard_error":338536.0810705901},"std_dev":{"confidence_interval":{"confidence_level":0.95,"lower_bound":422147.4489040662,"upper_bound":1614843.1734814306},"point_estimate":1124284.646242079,"standard_error":362314.05548791855}}