{"mean":{"confidence_interval":{"confidence_level":0.95,"lower_bound":180402223.1757937,"upper_bound":181143192.97194445},"point_estimate":180747212.48567456,"standard_error":190278.33765145793},"median":{"confidence_interval":{"confidence_level":0.95,"lower_bound":180266618.96666667,"upper_bound":181134528.6},"point_estimate":180548621.3825397,"standard_error":267453.15886833903},"median_abs_dev":{"confidence_interval":{"confidence_level":0.95,"lower_bound":113283.22243882182,"upper_bound":1093618.4576043861},"point_estimate":671657.384674046,"standard_error":239479.22602998916},"slope":{"confidence_interval":{"confidence_level":0.95,"lower_bound":180391850.11184567,"upper_bound":181387841.77075785},"point_estimate":180897940.13662338,"standard_error":252324.55505128007},"std_dev":{"confidence_interval":{"confidence_level":0.95,"lower_bound":315729.6800315002,"upper_bound":856102.0732481823},"point_estimate":638208.0161245908,"standard_error":152984.6174080018}}