{"mean":{"confidence_interval":{"confidence_level":0.95,"lower_bound":5273676065.2,"upper_bound":5312971136.95},"point_estimate":5293187812.7,"standard_error":10044079.108886743},"median":{"confidence_interval":{"confidence_level":0.95,"lower_bound":5256387151.0,"upper_bound":5327635593.0},"point_estimate":5291205937.0,"standard_error":19437003.272596996},"median_abs_dev":{"confidence_interval":{"confidence_level":0.95,"lower_bound":3074793.737411499,"upper_bound":55785603.88460755},"point_estimate":52816469.11692023,"standard_error":16175765.428021727},"slope":null,"std_dev":{"confidence_interval":{"confidence_level":0.95,"lower_bound":22121025.449566156,"upper_bound":38268744.7586072},"point_estimate":33500687.673112355,"standard_error":4146064.4380322546}}