{"mean":{"confidence_interval":{"confidence_level":0.95,"lower_bound":24547883.737204548,"upper_bound":24745982.548159096},"point_estimate":24638206.58272728,"standard_error":51056.027965114976},"median":{"confidence_interval":{"confidence_level":0.95,"lower_bound":24443848.818181816,"upper_bound":24469673.772727273},"point_estimate":24453508.90909091,"standard_error":6821.060303403101},"median_abs_dev":{"confidence_interval":{"confidence_level":0.95,"lower_bound":21918.01671087742,"upper_bound":54864.08376233169},"point_estimate":34609.07248556614,"standard_error":7877.7120091006655},"slope":null,"std_dev":{"confidence_interval":{"confidence_level":0.95,"lower_bound":301814.8084488865,"upper_bound":687931.6044940253},"point_estimate":516032.6507999703,"standard_error":98849.91448454713}}