{"mean":{"confidence_interval":{"confidence_level":0.95,"lower_bound":24604996.388977274,"upper_bound":24776062.59390909},"point_estimate":24684436.469090916,"standard_error":43987.32688515016},"median":{"confidence_interval":{"confidence_level":0.95,"lower_bound":24512593.045454547,"upper_bound":24533138.0},"point_estimate":24519462.954545453,"standard_error":5488.959083731257},"median_abs_dev":{"confidence_interval":{"confidence_level":0.95,"lower_bound":25779.24616959912,"upper_bound":50477.946522026155},"point_estimate":34535.07726869649,"standard_error":6138.125572536856},"slope":null,"std_dev":{"confidence_interval":{"confidence_level":0.95,"lower_bound":291466.603572438,"upper_bound":558342.3078158852},"point_estimate":441099.4210943951,"standard_error":68411.12989287269}}