{"mean":{"confidence_interval":{"confidence_level":0.95,"lower_bound":793794929.2169445,"upper_bound":796415807.8633779},"point_estimate":795059062.4840872,"standard_error":672631.1386455894},"median":{"confidence_interval":{"confidence_level":0.95,"lower_bound":793106603.4,"upper_bound":796755239.4523809},"point_estimate":795249872.7138889,"standard_error":892812.8363972274},"median_abs_dev":{"confidence_interval":{"confidence_level":0.95,"lower_bound":300027.4370910543,"upper_bound":4026391.836127266},"point_estimate":2702202.2257879796,"standard_error":1036073.952301088},"slope":{"confidence_interval":{"confidence_level":0.95,"lower_bound":794726257.4645523,"upper_bound":796619794.6809888},"point_estimate":795618759.4623376,"standard_error":471752.88020312745},"std_dev":{"confidence_interval":{"confidence_level":0.95,"lower_bound":1202954.590960518,"upper_bound":2805482.731033715},"point_estimate":2231383.6378475144,"standard_error":418351.42311651155}}