{"mean":{"confidence_interval":{"confidence_level":0.95,"lower_bound":3781017977.1625,"upper_bound":3825594128.1887503},"point_estimate":3803237242.9,"standard_error":11361129.813983604},"median":{"confidence_interval":{"confidence_level":0.95,"lower_bound":3775937963.0,"upper_bound":3828882553.75},"point_estimate":3801495806.5,"standard_error":14237196.905129442},"median_abs_dev":{"confidence_interval":{"confidence_level":0.95,"lower_bound":5147001.852272451,"upper_bound":63064844.3246752},"point_estimate":32281784.898483753,"standard_error":14463437.197831782},"slope":null,"std_dev":{"confidence_interval":{"confidence_level":0.95,"lower_bound":19240981.79747289,"upper_bound":49661421.20590149},"point_estimate":37774545.926350154,"standard_error":7774850.172271699}}