{"mean":{"confidence_interval":{"confidence_level":0.95,"lower_bound":5810945.182611112,"upper_bound":5916967.879833333},"point_estimate":5855329.851111111,"standard_error":27484.20728769483},"median":{"confidence_interval":{"confidence_level":0.95,"lower_bound":5738416.222222222,"upper_bound":5830244.555555556},"point_estimate":5749084.611111111,"standard_error":21299.072682220947},"median_abs_dev":{"confidence_interval":{"confidence_level":0.95,"lower_bound":25270.916551351547,"upper_bound":149615.42321046302},"point_estimate":43672.70032465412,"standard_error":29154.198253456605},"slope":null,"std_dev":{"confidence_interval":{"confidence_level":0.95,"lower_bound":111434.55037027488,"upper_bound":432860.4127001479},"point_estimate":275334.0325564922,"standard_error":97595.20926194094}}