{"mean":{"confidence_interval":{"confidence_level":0.95,"lower_bound":5655104.818861112,"upper_bound":5700866.891972223},"point_estimate":5675016.5166666685,"standard_error":11770.966682622337},"median":{"confidence_interval":{"confidence_level":0.95,"lower_bound":5646104.277777778,"upper_bound":5653787.444444444},"point_estimate":5649433.666666666,"standard_error":2002.086235867656},"median_abs_dev":{"confidence_interval":{"confidence_level":0.95,"lower_bound":12422.869912783151,"upper_bound":21906.89721107483},"point_estimate":17053.19436391164,"standard_error":2439.2599090713766},"slope":null,"std_dev":{"confidence_interval":{"confidence_level":0.95,"lower_bound":25291.985335118738,"upper_bound":175578.61116116063},"point_estimate":118603.57224188514,"standard_error":36175.2361945464}}