{"mean":{"confidence_interval":{"confidence_level":0.95,"lower_bound":271986071.5413095,"upper_bound":273689498.5092976},"point_estimate":272706090.69641864,"standard_error":449916.8976313308},"median":{"confidence_interval":{"confidence_level":0.95,"lower_bound":271761955.16875,"upper_bound":273111144.2413194},"point_estimate":272151255.8666667,"standard_error":367377.88772488816},"median_abs_dev":{"confidence_interval":{"confidence_level":0.95,"lower_bound":196100.75394351358,"upper_bound":1599250.0047459486},"point_estimate":706096.3557288721,"standard_error":392905.2365925891},"slope":{"confidence_interval":{"confidence_level":0.95,"lower_bound":272113299.0244898,"upper_bound":273097374.0649547},"point_estimate":272552875.96168834,"standard_error":252682.4495986591},"std_dev":{"confidence_interval":{"confidence_level":0.95,"lower_bound":386456.0560534773,"upper_bound":2188461.5544127277},"point_estimate":1497501.7768695243,"standard_error":540474.121115556}}