{"mean":{"confidence_interval":{"confidence_level":0.95,"lower_bound":5428905343.4,"upper_bound":5501922846.3},"point_estimate":5464501238.6,"standard_error":18653592.54024192},"median":{"confidence_interval":{"confidence_level":0.95,"lower_bound":5406313122.0,"upper_bound":5533506950.0},"point_estimate":5456521717.0,"standard_error":35905145.35947765},"median_abs_dev":{"confidence_interval":{"confidence_level":0.95,"lower_bound":8431714.325407147,"upper_bound":99245484.64314044},"point_estimate":78986695.97120583,"standard_error":27789248.886060722},"slope":null,"std_dev":{"confidence_interval":{"confidence_level":0.95,"lower_bound":39095157.743163586,"upper_bound":71062954.55352058},"point_estimate":62013515.966938555,"standard_error":8120011.811435307}}