{"mean":{"confidence_interval":{"confidence_level":0.95,"lower_bound":4829981062.975,"upper_bound":4870989543.55},"point_estimate":4850904553.6,"standard_error":10504836.437405977},"median":{"confidence_interval":{"confidence_level":0.95,"lower_bound":4819220190.0,"upper_bound":4878836247.0},"point_estimate":4860653208.5,"standard_error":17920314.47384808},"median_abs_dev":{"confidence_interval":{"confidence_level":0.95,"lower_bound":6416106.317791343,"upper_bound":55881872.06609845},"point_estimate":46276676.896324754,"standard_error":13476580.576684415},"slope":null,"std_dev":{"confidence_interval":{"confidence_level":0.95,"lower_bound":21925553.129552793,"upper_bound":42204807.5804329},"point_estimate":34948242.29111119,"standard_error":5208322.0524699595}}