{"mean":{"confidence_interval":{"confidence_level":0.95,"lower_bound":3169398.6765624997,"upper_bound":3187019.986578125},"point_estimate":3177093.544375,"standard_error":4539.194889154352},"median":{"confidence_interval":{"confidence_level":0.95,"lower_bound":3163412.25,"upper_bound":3167018.21875},"point_estimate":3164996.09375,"standard_error":919.3880526182907},"median_abs_dev":{"confidence_interval":{"confidence_level":0.95,"lower_bound":6349.790362268686,"upper_bound":11749.512128904462},"point_estimate":8321.926314756274,"standard_error":1469.0082870983708},"slope":null,"std_dev":{"confidence_interval":{"confidence_level":0.95,"lower_bound":17673.548447067453,"upper_bound":67817.95160999178},"point_estimate":45545.76897599908,"standard_error":13150.738952332558}}