{"mean":{"confidence_interval":{"confidence_level":0.95,"lower_bound":3352913.6970166676,"upper_bound":3373062.6499999985},"point_estimate":3362049.268666667,"standard_error":5158.221464312226},"median":{"confidence_interval":{"confidence_level":0.95,"lower_bound":3343109.7333333334,"upper_bound":3350832.0666666664},"point_estimate":3346182.0,"standard_error":2075.665286978823},"median_abs_dev":{"confidence_interval":{"confidence_level":0.95,"lower_bound":9747.304106950944,"upper_bound":17305.351672768316},"point_estimate":12310.027581453323,"standard_error":1866.1534562575764},"slope":null,"std_dev":{"confidence_interval":{"confidence_level":0.95,"lower_bound":26850.004323794255,"upper_bound":72771.65869107023},"point_estimate":51940.54717078797,"standard_error":11869.990589809746}}