{"mean":{"confidence_interval":{"confidence_level":0.95,"lower_bound":5839341.462666663,"upper_bound":5904203.825722222},"point_estimate":5870547.026666664,"standard_error":16621.320961199715},"median":{"confidence_interval":{"confidence_level":0.95,"lower_bound":5766948.777777778,"upper_bound":5898989.055555556},"point_estimate":5783234.611111111,"standard_error":42657.63511183619},"median_abs_dev":{"confidence_interval":{"confidence_level":0.95,"lower_bound":40528.27051381278,"upper_bound":210562.96659509372},"point_estimate":66617.41751730395,"standard_error":50933.29602931095},"slope":null,"std_dev":{"confidence_interval":{"confidence_level":0.95,"lower_bound":127259.26497848264,"upper_bound":205579.68430034016},"point_estimate":167198.07712503395,"standard_error":20149.269606544025}}