{"mean":{"confidence_interval":{"confidence_level":0.95,"lower_bound":5836695790.2,"upper_bound":5876493065.9},"point_estimate":5854916821.2,"standard_error":10197863.79015224},"median":{"confidence_interval":{"confidence_level":0.95,"lower_bound":5830418967.5,"upper_bound":5881178427.0},"point_estimate":5841159293.5,"standard_error":12006858.80772208},"median_abs_dev":{"confidence_interval":{"confidence_level":0.95,"lower_bound":2709512.979796529,"upper_bound":54876653.716644645},"point_estimate":27441049.28252399,"standard_error":12785814.364310194},"slope":null,"std_dev":{"confidence_interval":{"confidence_level":0.95,"lower_bound":12901476.701123958,"upper_bound":43389583.153102934},"point_estimate":33890224.69322599,"standard_error":7839281.104034006}}