{"mean":{"confidence_interval":{"confidence_level":0.95,"lower_bound":201847535.61,"upper_bound":202869250.45904762},"point_estimate":202325855.68340477,"standard_error":263540.6503334519},"median":{"confidence_interval":{"confidence_level":0.95,"lower_bound":201612294.26666668,"upper_bound":203136238.0375},"point_estimate":201931240.15,"standard_error":388888.6081447795},"median_abs_dev":{"confidence_interval":{"confidence_level":0.95,"lower_bound":158021.65798456362,"upper_bound":1460992.4610571938},"point_estimate":631963.4525904265,"standard_error":368263.8169010331},"slope":{"confidence_interval":{"confidence_level":0.95,"lower_bound":202059840.0619328,"upper_bound":203176871.51238865},"point_estimate":202575633.26961038,"standard_error":284742.3929873562},"std_dev":{"confidence_interval":{"confidence_level":0.95,"lower_bound":405714.883468467,"upper_bound":1070017.9998893172},"point_estimate":883114.8564677832,"standard_error":168586.3349473943}}