{"mean":{"confidence_interval":{"confidence_level":0.95,"lower_bound":5510726394.0,"upper_bound":5538329356.3},"point_estimate":5523990364.9,"standard_error":7071652.393710772},"median":{"confidence_interval":{"confidence_level":0.95,"lower_bound":5507185087.0,"upper_bound":5542030242.0},"point_estimate":5521041613.0,"standard_error":8026863.832485821},"median_abs_dev":{"confidence_interval":{"confidence_level":0.95,"lower_bound":4808270.383036137,"upper_bound":40787788.602072},"point_estimate":21564009.6434623,"standard_error":9168890.82247377},"slope":null,"std_dev":{"confidence_interval":{"confidence_level":0.95,"lower_bound":11507374.667079274,"upper_bound":31424976.57157517},"point_estimate":23748050.711559948,"standard_error":5234744.121800953}}