{"mean":{"confidence_interval":{"confidence_level":0.95,"lower_bound":4686464924.4,"upper_bound":4774733121.5475},"point_estimate":4727644921.0,"standard_error":22921483.192376964},"median":{"confidence_interval":{"confidence_level":0.95,"lower_bound":4672822658.0,"upper_bound":4796498488.0},"point_estimate":4691091159.5,"standard_error":32300582.049517903},"median_abs_dev":{"confidence_interval":{"confidence_level":0.95,"lower_bound":8792003.168910742,"upper_bound":122897522.85513282},"point_estimate":33204790.114197135,"standard_error":29468874.271273337},"slope":null,"std_dev":{"confidence_interval":{"confidence_level":0.95,"lower_bound":20555456.594818372,"upper_bound":91549509.33451083},"point_estimate":76388946.2005006,"standard_error":15680725.671965368}}