{"mean":{"confidence_interval":{"confidence_level":0.95,"lower_bound":6175795661.3,"upper_bound":6208420196.4},"point_estimate":6192091742.0,"standard_error":8343422.31523448},"median":{"confidence_interval":{"confidence_level":0.95,"lower_bound":6170923469.5,"upper_bound":6214029333.0},"point_estimate":6193779848.0,"standard_error":10439647.688622506},"median_abs_dev":{"confidence_interval":{"confidence_level":0.95,"lower_bound":6124083.048775792,"upper_bound":48817031.14952445},"point_estimate":24696646.277546883,"standard_error":10965782.349783264},"slope":null,"std_dev":{"confidence_interval":{"confidence_level":0.95,"lower_bound":15479195.623865625,"upper_bound":35269708.1002259},"point_estimate":27776399.469692405,"standard_error":5059595.655686649}}