{"mean":{"confidence_interval":{"confidence_level":0.95,"lower_bound":1564757.3158170958,"upper_bound":1569413.6950151375},"point_estimate":1566991.4792428105,"standard_error":1197.7426017856476},"median":{"confidence_interval":{"confidence_level":0.95,"lower_bound":1564178.867405914,"upper_bound":1568795.480809345},"point_estimate":1567457.8166666667,"standard_error":1149.6956024831102},"median_abs_dev":{"confidence_interval":{"confidence_level":0.95,"lower_bound":6585.199929617137,"upper_bound":10766.622884466966},"point_estimate":8912.013633566996,"standard_error":1038.5640664987616},"slope":{"confidence_interval":{"confidence_level":0.95,"lower_bound":1558350.7642235248,"upper_bound":1565069.7765235004},"point_estimate":1561275.3351933402,"standard_error":1731.3082238376992},"std_dev":{"confidence_interval":{"confidence_level":0.95,"lower_bound":8255.32638566414,"upper_bound":15634.992234744168},"point_estimate":11963.597655320042,"standard_error":1921.6023938094638}}