{"mean":{"confidence_interval":{"confidence_level":0.95,"lower_bound":282240037.4439418,"upper_bound":282659463.3297421},"point_estimate":282445519.74283063,"standard_error":107808.26981648113},"median":{"confidence_interval":{"confidence_level":0.95,"lower_bound":282165729.39444447,"upper_bound":282673550.6851852},"point_estimate":282436987.4345238,"standard_error":110264.01644031137},"median_abs_dev":{"confidence_interval":{"confidence_level":0.95,"lower_bound":44432.695191167026,"upper_bound":634264.1924129067},"point_estimate":267958.57109279913,"standard_error":158455.08791180004},"slope":{"confidence_interval":{"confidence_level":0.95,"lower_bound":282098752.9463189,"upper_bound":282660031.811189},"point_estimate":282372955.4095238,"standard_error":148920.6270380503},"std_dev":{"confidence_interval":{"confidence_level":0.95,"lower_bound":180012.0451763566,"upper_bound":472605.7972260898},"point_estimate":359534.20860429807,"standard_error":75775.05582829076}}