{"mean":{"confidence_interval":{"confidence_level":0.95,"lower_bound":188341627.30736506,"upper_bound":188891040.10510796},"point_estimate":188620424.89662698,"standard_error":140985.6222857464},"median":{"confidence_interval":{"confidence_level":0.95,"lower_bound":188377876.675,"upper_bound":189073315.82222223},"point_estimate":188517900.27499998,"standard_error":185798.24140157722},"median_abs_dev":{"confidence_interval":{"confidence_level":0.95,"lower_bound":43149.55009795797,"upper_bound":984101.2826686891},"point_estimate":290385.55378463684,"standard_error":230374.12429568704},"slope":{"confidence_interval":{"confidence_level":0.95,"lower_bound":188441788.59194028,"upper_bound":188934124.80403894},"point_estimate":188659650.0103896,"standard_error":128228.65651101327},"std_dev":{"confidence_interval":{"confidence_level":0.95,"lower_bound":257110.43205829491,"upper_bound":616843.8257344041},"point_estimate":469225.0476356117,"standard_error":97107.46629230269}}