{"mean":{"confidence_interval":{"confidence_level":0.95,"lower_bound":349133621.1140595,"upper_bound":350334076.8017315},"point_estimate":349690109.1121694,"standard_error":308616.89897366945},"median":{"confidence_interval":{"confidence_level":0.95,"lower_bound":348828623.4166667,"upper_bound":350614470.3833333},"point_estimate":349437289.9777778,"standard_error":409625.1175441041},"median_abs_dev":{"confidence_interval":{"confidence_level":0.95,"lower_bound":102489.25334715797,"upper_bound":1745711.6312907888},"point_estimate":871047.1642858195,"standard_error":401500.20714987314},"slope":{"confidence_interval":{"confidence_level":0.95,"lower_bound":349339393.3989878,"upper_bound":350815787.9690969},"point_estimate":350030991.4164502,"standard_error":387734.3828396445},"std_dev":{"confidence_interval":{"confidence_level":0.95,"lower_bound":439189.446723381,"upper_bound":1268211.6282421183},"point_estimate":1025787.9718813571,"standard_error":212103.22247638786}}