{"mean":{"confidence_interval":{"confidence_level":0.95,"lower_bound":3324832707.05,"upper_bound":3339021435.4},"point_estimate":3331642806.85,"standard_error":3623230.4743259293},"median":{"confidence_interval":{"confidence_level":0.95,"lower_bound":3322342560.25,"upper_bound":3339136933.25},"point_estimate":3329165010.5,"standard_error":4304352.446909911},"median_abs_dev":{"confidence_interval":{"confidence_level":0.95,"lower_bound":1860773.7913146615,"upper_bound":20479068.92822385},"point_estimate":12923598.61536026,"standard_error":4967192.828753346},"slope":null,"std_dev":{"confidence_interval":{"confidence_level":0.95,"lower_bound":5949666.932864814,"upper_bound":15992877.73579806},"point_estimate":12089921.439454906,"standard_error":2634492.7511756304}}