{"mean":{"confidence_interval":{"confidence_level":0.95,"lower_bound":3311809473.485,"upper_bound":3447865454.5874996},"point_estimate":3375457698.9,"standard_error":34928443.92029547},"median":{"confidence_interval":{"confidence_level":0.95,"lower_bound":3289570988.0,"upper_bound":3464701939.0},"point_estimate":3338022262.5,"standard_error":45349422.76362054},"median_abs_dev":{"confidence_interval":{"confidence_level":0.95,"lower_bound":23910465.02430439,"upper_bound":189706841.6884303},"point_estimate":83422566.89285338,"standard_error":43649672.042777054},"slope":null,"std_dev":{"confidence_interval":{"confidence_level":0.95,"lower_bound":54715626.55492593,"upper_bound":150705835.8344646},"point_estimate":116268323.06629609,"standard_error":25069849.789743207}}