{"mean":{"confidence_interval":{"confidence_level":0.95,"lower_bound":6442379.494625,"upper_bound":6498786.5101875},"point_estimate":6467567.3025,"standard_error":14528.095331062837},"median":{"confidence_interval":{"confidence_level":0.95,"lower_bound":6411921.5,"upper_bound":6425752.75},"point_estimate":6418241.25,"standard_error":3990.0927888926662},"median_abs_dev":{"confidence_interval":{"confidence_level":0.95,"lower_bound":16078.333402052522,"upper_bound":34255.00907935202},"point_estimate":25797.610192000866,"standard_error":5037.305732968787},"slope":null,"std_dev":{"confidence_interval":{"confidence_level":0.95,"lower_bound":75109.7538064883,"upper_bound":212385.8295104172},"point_estimate":146221.53182105362,"standard_error":36488.10321902765}}