{"mean":{"confidence_interval":{"confidence_level":0.95,"lower_bound":6228235.3321875,"upper_bound":6267919.47409375},"point_estimate":6245360.72125,"standard_error":10208.374967201033},"median":{"confidence_interval":{"confidence_level":0.95,"lower_bound":6218918.375,"upper_bound":6227566.0},"point_estimate":6221963.0625,"standard_error":2195.434325289921},"median_abs_dev":{"confidence_interval":{"confidence_level":0.95,"lower_bound":13041.822712523868,"upper_bound":23838.076339289546},"point_estimate":18330.21743707359,"standard_error":2700.3701369355163},"slope":null,"std_dev":{"confidence_interval":{"confidence_level":0.95,"lower_bound":25281.078198031955,"upper_bound":154018.5295029778},"point_estimate":102428.10097354777,"standard_error":32317.300232866277}}