{"mean":{"confidence_interval":{"confidence_level":0.95,"lower_bound":6391158.20875,"upper_bound":6463418.1675},"point_estimate":6424389.0525,"standard_error":18610.978732075997},"median":{"confidence_interval":{"confidence_level":0.95,"lower_bound":6335327.25,"upper_bound":6388396.125},"point_estimate":6353589.1875,"standard_error":13463.540904750273},"median_abs_dev":{"confidence_interval":{"confidence_level":0.95,"lower_bound":35530.04505671561,"upper_bound":108527.61534824967},"point_estimate":60950.24089291692,"standard_error":17930.767970408975},"slope":null,"std_dev":{"confidence_interval":{"confidence_level":0.95,"lower_bound":110340.58751272954,"upper_bound":256596.68626532512},"point_estimate":187957.06345777962,"standard_error":37604.16488738141}}