{"mean":{"confidence_interval":{"confidence_level":0.95,"lower_bound":26068789.32389999,"upper_bound":26169558.293225},"point_estimate":26113368.928999986,"standard_error":25846.470302720478},"median":{"confidence_interval":{"confidence_level":0.95,"lower_bound":26026938.2,"upper_bound":26044808.1},"point_estimate":26034973.450000003,"standard_error":3739.626806694359},"median_abs_dev":{"confidence_interval":{"confidence_level":0.95,"lower_bound":25636.30331486353,"upper_bound":47722.89164274986},"point_estimate":38863.76376003579,"standard_error":6087.820863101349},"slope":null,"std_dev":{"confidence_interval":{"confidence_level":0.95,"lower_bound":125168.55946619288,"upper_bound":375133.23093731754},"point_estimate":259136.2198210995,"standard_error":65038.26986753749}}