{"mean":{"confidence_interval":{"confidence_level":0.95,"lower_bound":26728589.304199997,"upper_bound":26868364.7693},"point_estimate":26792062.83800001,"standard_error":35845.55916280592},"median":{"confidence_interval":{"confidence_level":0.95,"lower_bound":26670889.7,"upper_bound":26682556.700000003},"point_estimate":26675253.5,"standard_error":3030.4506842256037},"median_abs_dev":{"confidence_interval":{"confidence_level":0.95,"lower_bound":10179.74454302231,"upper_bound":24863.572208583355},"point_estimate":15691.763991417158,"standard_error":3816.634450832085},"slope":null,"std_dev":{"confidence_interval":{"confidence_level":0.95,"lower_bound":209763.9447669908,"upper_bound":478299.63398434804},"point_estimate":358769.7709335073,"standard_error":68331.26559956907}}