{"mean":{"confidence_interval":{"confidence_level":0.95,"lower_bound":3210122.1606875,"upper_bound":3231968.77125},"point_estimate":3220086.90125,"standard_error":5608.800503765398},"median":{"confidence_interval":{"confidence_level":0.95,"lower_bound":3199265.4375,"upper_bound":3204988.0625},"point_estimate":3202825.0,"standard_error":1846.9668573361519},"median_abs_dev":{"confidence_interval":{"confidence_level":0.95,"lower_bound":9627.356749861508,"upper_bound":17077.924311649975},"point_estimate":13902.942259423435,"standard_error":1875.103331492492},"slope":null,"std_dev":{"confidence_interval":{"confidence_level":0.95,"lower_bound":33016.20925494364,"upper_bound":77417.15770530223},"point_estimate":56277.0743724319,"standard_error":11578.810238778153}}