{"mean":{"confidence_interval":{"confidence_level":0.95,"lower_bound":3206923.44,"upper_bound":3247677.177359375},"point_estimate":3224627.026875,"standard_error":10512.552201736427},"median":{"confidence_interval":{"confidence_level":0.95,"lower_bound":3189694.0625,"upper_bound":3195675.125},"point_estimate":3192149.78125,"standard_error":1727.2525884978395},"median_abs_dev":{"confidence_interval":{"confidence_level":0.95,"lower_bound":8414.218163117766,"upper_bound":16615.728402980592},"point_estimate":11517.670558020473,"standard_error":2269.739912282357},"slope":null,"std_dev":{"confidence_interval":{"confidence_level":0.95,"lower_bound":44254.151700769165,"upper_bound":160928.0250376213},"point_estimate":105987.72803800859,"standard_error":31700.958433897144}}