{"mean":{"confidence_interval":{"confidence_level":0.95,"lower_bound":3357839.392666666,"upper_bound":3371033.7881166674},"point_estimate":3363510.21,"standard_error":3412.863959810347},"median":{"confidence_interval":{"confidence_level":0.95,"lower_bound":3353040.4,"upper_bound":3357110.3333333335},"point_estimate":3354880.7333333334,"standard_error":984.3011614308298},"median_abs_dev":{"confidence_interval":{"confidence_level":0.95,"lower_bound":6109.745071530526,"upper_bound":12129.76813465376},"point_estimate":9144.824897647042,"standard_error":1693.5455956684566},"slope":null,"std_dev":{"confidence_interval":{"confidence_level":0.95,"lower_bound":13749.759629959453,"upper_bound":53018.71916008252},"point_estimate":34302.45470713273,"standard_error":11039.108548825658}}