{"mean":{"confidence_interval":{"confidence_level":0.95,"lower_bound":281876371.1306667,"upper_bound":282337943.2714682},"point_estimate":282112968.22818786,"standard_error":117250.93641886265},"median":{"confidence_interval":{"confidence_level":0.95,"lower_bound":281926730.7777778,"upper_bound":282291966.4282408},"point_estimate":282116018.1904762,"standard_error":82451.44880192714},"median_abs_dev":{"confidence_interval":{"confidence_level":0.95,"lower_bound":44803.51227124041,"upper_bound":623781.2342598804},"point_estimate":182560.2772255984,"standard_error":152009.41438702386},"slope":{"confidence_interval":{"confidence_level":0.95,"lower_bound":282042978.55485934,"upper_bound":282587049.31039804},"point_estimate":282341707.3922078,"standard_error":144750.4832447582},"std_dev":{"confidence_interval":{"confidence_level":0.95,"lower_bound":134499.9066883882,"upper_bound":538187.2888885387},"point_estimate":390271.2272375466,"standard_error":102236.8888683785}}