{"mean":{"confidence_interval":{"confidence_level":0.95,"lower_bound":189428069.1525,"upper_bound":191915602.20049998},"point_estimate":190581031.385,"standard_error":632847.6185463888},"median":{"confidence_interval":{"confidence_level":0.95,"lower_bound":187853865.0,"upper_bound":188863245.0},"point_estimate":188436609.25,"standard_error":302135.14062284614},"median_abs_dev":{"confidence_interval":{"confidence_level":0.95,"lower_bound":1301522.6258933544,"upper_bound":2387998.323215805},"point_estimate":1833661.8562459946,"standard_error":291770.59482205316},"slope":null,"std_dev":{"confidence_interval":{"confidence_level":0.95,"lower_bound":4270291.384572613,"upper_bound":8262698.976667697},"point_estimate":6388737.343164284,"standard_error":1023287.3165528384}}