{"mean":{"confidence_interval":{"confidence_level":0.95,"lower_bound":210068092.56,"upper_bound":211832684.045625},"point_estimate":210875515.32,"standard_error":452324.34074922843},"median":{"confidence_interval":{"confidence_level":0.95,"lower_bound":208920639.25,"upper_bound":209794893.5},"point_estimate":209272515.0,"standard_error":243431.8202785761},"median_abs_dev":{"confidence_interval":{"confidence_level":0.95,"lower_bound":813713.5054036975,"upper_bound":1746167.5438730766},"point_estimate":1284288.8837993145,"standard_error":261294.80388703183},"slope":null,"std_dev":{"confidence_interval":{"confidence_level":0.95,"lower_bound":2638264.909090258,"upper_bound":6186746.620709386},"point_estimate":4538347.809396721,"standard_error":913132.5889826462}}