{"mean":{"confidence_interval":{"confidence_level":0.95,"lower_bound":6291651682.8,"upper_bound":6422257382.7},"point_estimate":6354306278.5,"standard_error":33597248.114841476},"median":{"confidence_interval":{"confidence_level":0.95,"lower_bound":6257833154.0,"upper_bound":6462405688.0},"point_estimate":6316718409.0,"standard_error":53380133.59309752},"median_abs_dev":{"confidence_interval":{"confidence_level":0.95,"lower_bound":17407667.379552126,"upper_bound":180556833.62127542},"point_estimate":100533628.28687131,"standard_error":44177866.878089145},"slope":null,"std_dev":{"confidence_interval":{"confidence_level":0.95,"lower_bound":55715624.36521966,"upper_bound":133458214.41260614},"point_estimate":111676223.74107,"standard_error":18825300.268512774}}