{"mean":{"confidence_interval":{"confidence_level":0.95,"lower_bound":5228445932.0,"upper_bound":5248424202.6},"point_estimate":5237482051.5,"standard_error":5144884.87444598},"median":{"confidence_interval":{"confidence_level":0.95,"lower_bound":5226967428.0,"upper_bound":5246083483.0},"point_estimate":5230187712.0,"standard_error":5365996.472470354},"median_abs_dev":{"confidence_interval":{"confidence_level":0.95,"lower_bound":1292598.1153517962,"upper_bound":25111311.680452127},"point_estimate":4901046.300289035,"standard_error":6391677.745727715},"slope":null,"std_dev":{"confidence_interval":{"confidence_level":0.95,"lower_bound":3884037.393865426,"upper_bound":22562288.304644533},"point_estimate":17152303.470343567,"standard_error":4562420.122156932}}