{"mean":{"confidence_interval":{"confidence_level":0.95,"lower_bound":5627083050.8,"upper_bound":5701482402.280001},"point_estimate":5658497184.8,"standard_error":19623338.381029144},"median":{"confidence_interval":{"confidence_level":0.95,"lower_bound":5610090632.0,"upper_bound":5675387129.0},"point_estimate":5639650621.0,"standard_error":13687647.150249952},"median_abs_dev":{"confidence_interval":{"confidence_level":0.95,"lower_bound":1209610.323125124,"upper_bound":65625233.692619205},"point_estimate":38429460.56064069,"standard_error":17846480.628168978},"slope":null,"std_dev":{"confidence_interval":{"confidence_level":0.95,"lower_bound":17033350.111677792,"upper_bound":96708012.15464221},"point_estimate":65929893.759793594,"standard_error":24505975.241087675}}