{"mean":{"confidence_interval":{"confidence_level":0.95,"lower_bound":2906675.9099999988,"upper_bound":2930263.4743055557},"point_estimate":2917219.952777778,"standard_error":6056.36605994441},"median":{"confidence_interval":{"confidence_level":0.95,"lower_bound":2897638.611111111,"upper_bound":2901659.0555555555},"point_estimate":2900023.3055555555,"standard_error":1107.1212188361756},"median_abs_dev":{"confidence_interval":{"confidence_level":0.95,"lower_bound":5757.278549037867,"upper_bound":10486.05896383524},"point_estimate":8099.361289541003,"standard_error":1207.7918409622816},"slope":null,"std_dev":{"confidence_interval":{"confidence_level":0.95,"lower_bound":29103.609468047318,"upper_bound":86037.82462682837},"point_estimate":60799.77504330166,"standard_error":14632.244668373856}}