{"mean":{"confidence_interval":{"confidence_level":0.95,"lower_bound":6242829021.537499,"upper_bound":6297764221.8},"point_estimate":6266805368.8,"standard_error":14206877.246611925},"median":{"confidence_interval":{"confidence_level":0.95,"lower_bound":6239852621.0,"upper_bound":6280083732.0},"point_estimate":6254977672.0,"standard_error":11247239.091293266},"median_abs_dev":{"confidence_interval":{"confidence_level":0.95,"lower_bound":5150366.242262721,"upper_bound":59258331.16145432},"point_estimate":25170152.38544047,"standard_error":13076854.866091294},"slope":null,"std_dev":{"confidence_interval":{"confidence_level":0.95,"lower_bound":14936765.43581275,"upper_bound":68051077.2119691},"point_estimate":47096678.57222595,"standard_error":15771274.190087799}}