{"mean":{"confidence_interval":{"confidence_level":0.95,"lower_bound":5008919.887675,"upper_bound":5044180.499975001},"point_estimate":5024617.506000001,"standard_error":9072.154126125262},"median":{"confidence_interval":{"confidence_level":0.95,"lower_bound":4995215.8,"upper_bound":5013425.85},"point_estimate":5004824.4,"standard_error":4545.865666138805},"median_abs_dev":{"confidence_interval":{"confidence_level":0.95,"lower_bound":24117.083121836185,"upper_bound":40982.84390240949},"point_estimate":33736.11762106446,"standard_error":4233.110568559048},"slope":null,"std_dev":{"confidence_interval":{"confidence_level":0.95,"lower_bound":34587.58152966172,"upper_bound":131281.81147251857},"point_estimate":91025.14749768944,"standard_error":23868.85024935718}}