{"mean":{"confidence_interval":{"confidence_level":0.95,"lower_bound":4943374.226977274,"upper_bound":5005058.083704543},"point_estimate":4970137.619090911,"standard_error":15725.190060594878},"median":{"confidence_interval":{"confidence_level":0.95,"lower_bound":4913900.818181818,"upper_bound":4926722.090909091},"point_estimate":4920315.090909091,"standard_error":3010.676164715966},"median_abs_dev":{"confidence_interval":{"confidence_level":0.95,"lower_bound":16046.516469663216,"upper_bound":31085.60625721045},"point_estimate":23352.36479450362,"standard_error":3831.0681147779715},"slope":null,"std_dev":{"confidence_interval":{"confidence_level":0.95,"lower_bound":79600.95771976793,"upper_bound":235306.76003491672},"point_estimate":157636.5363609307,"standard_error":44636.640120922406}}