{"mean":{"confidence_interval":{"confidence_level":0.95,"lower_bound":56875.78079137226,"upper_bound":57488.210578468235},"point_estimate":57157.10111222686,"standard_error":156.51541269442282},"median":{"confidence_interval":{"confidence_level":0.95,"lower_bound":56408.04436507937,"upper_bound":56474.36906420527},"point_estimate":56430.37838319088,"standard_error":16.822599280377997},"median_abs_dev":{"confidence_interval":{"confidence_level":0.95,"lower_bound":79.61197912924075,"upper_bound":197.7506637604314},"point_estimate":114.65333208669554,"standard_error":29.5080411873288},"slope":{"confidence_interval":{"confidence_level":0.95,"lower_bound":56687.799952178066,"upper_bound":57156.73214230973},"point_estimate":56896.500997487805,"standard_error":120.77831819651375},"std_dev":{"confidence_interval":{"confidence_level":0.95,"lower_bound":1041.1484378366526,"upper_bound":2151.392984931282},"point_estimate":1578.0099543070394,"standard_error":306.5695630866536}}