{"mean":{"confidence_interval":{"confidence_level":0.95,"lower_bound":6791207328.9,"upper_bound":6826060316.5375},"point_estimate":6805721351.2,"standard_error":9178411.188869197},"median":{"confidence_interval":{"confidence_level":0.95,"lower_bound":6787134332.5,"upper_bound":6810533984.0},"point_estimate":6800019056.5,"standard_error":7031271.621398154},"median_abs_dev":{"confidence_interval":{"confidence_level":0.95,"lower_bound":1853484.9591940641,"upper_bound":33441281.859898567},"point_estimate":16048109.860289097,"standard_error":7563752.207700067},"slope":null,"std_dev":{"confidence_interval":{"confidence_level":0.95,"lower_bound":8901424.201072417,"upper_bound":45373445.1408556},"point_estimate":30445500.06691264,"standard_error":11606176.835288258}}