{"mean":{"confidence_interval":{"confidence_level":0.95,"lower_bound":183036862.35647222,"upper_bound":183433147.80038098},"point_estimate":183200424.84812698,"standard_error":104914.4020791527},"median":{"confidence_interval":{"confidence_level":0.95,"lower_bound":183011475.51666665,"upper_bound":183272806.61944443},"point_estimate":183101961.47,"standard_error":54630.04183060805},"median_abs_dev":{"confidence_interval":{"confidence_level":0.95,"lower_bound":24699.675723492805,"upper_bound":336547.0805651038},"point_estimate":86245.59563383607,"standard_error":85931.33639159818},"slope":{"confidence_interval":{"confidence_level":0.95,"lower_bound":183049615.05296168,"upper_bound":183553637.87261707},"point_estimate":183231949.3922078,"standard_error":135409.40329459409},"std_dev":{"confidence_interval":{"confidence_level":0.95,"lower_bound":79147.56336388494,"upper_bound":522901.58544109843},"point_estimate":352598.83797721355,"standard_error":138370.57271711633}}