{"mean":{"confidence_interval":{"confidence_level":0.95,"lower_bound":171910434.615,"upper_bound":173922520.98999998},"point_estimate":172756125.67,"standard_error":526979.9330780264},"median":{"confidence_interval":{"confidence_level":0.95,"lower_bound":171067734.5,"upper_bound":171699317.0},"point_estimate":171419331.0,"standard_error":143102.29719152776},"median_abs_dev":{"confidence_interval":{"confidence_level":0.95,"lower_bound":829775.6228685379,"upper_bound":1510088.8597905636},"point_estimate":1198891.8666154146,"standard_error":169372.1928339939},"slope":null,"std_dev":{"confidence_interval":{"confidence_level":0.95,"lower_bound":2003622.081754964,"upper_bound":8411506.76633569},"point_estimate":5310639.855943762,"standard_error":1960863.6409385407}}