{"mean":{"confidence_interval":{"confidence_level":0.95,"lower_bound":175490625.145125,"upper_bound":176405005.095},"point_estimate":175934140.235,"standard_error":233738.2793865138},"median":{"confidence_interval":{"confidence_level":0.95,"lower_bound":175105898.0,"upper_bound":176014638.75},"point_estimate":175617504.0,"standard_error":258631.82507093353},"median_abs_dev":{"confidence_interval":{"confidence_level":0.95,"lower_bound":1636520.306089707,"upper_bound":2597985.138076544},"point_estimate":2260362.653620541,"standard_error":245379.8232860698},"slope":null,"std_dev":{"confidence_interval":{"confidence_level":0.95,"lower_bound":1818853.3126182463,"upper_bound":2865519.801451465},"point_estimate":2357945.5543017737,"standard_error":267268.10901731334}}