{"mean":{"confidence_interval":{"confidence_level":0.95,"lower_bound":28064.89932485218,"upper_bound":28322.263923646755},"point_estimate":28157.515783201667,"standard_error":75.67364212012397},"median":{"confidence_interval":{"confidence_level":0.95,"lower_bound":28042.065972222223,"upper_bound":28058.30542413381},"point_estimate":28051.075714200513,"standard_error":4.523130481937281},"median_abs_dev":{"confidence_interval":{"confidence_level":0.95,"lower_bound":23.824144701756193,"upper_bound":57.14757556818858},"point_estimate":33.701664513262045,"standard_error":8.468162649101238},"slope":{"confidence_interval":{"confidence_level":0.95,"lower_bound":28067.681368188147,"upper_bound":28113.435182104862},"point_estimate":28089.72815624846,"standard_error":11.661859494511674},"std_dev":{"confidence_interval":{"confidence_level":0.95,"lower_bound":88.72937363768443,"upper_bound":1292.3072921122564},"point_estimate":759.6343050229204,"standard_error":421.3899485750525}}