{"mean":{"confidence_interval":{"confidence_level":0.95,"lower_bound":37515.37443202531,"upper_bound":38035.1404676521},"point_estimate":37734.63758688088,"standard_error":134.25822304979232},"median":{"confidence_interval":{"confidence_level":0.95,"lower_bound":37419.10913580247,"upper_bound":37470.5994296183},"point_estimate":37447.107164541594,"standard_error":12.587861896375623},"median_abs_dev":{"confidence_interval":{"confidence_level":0.95,"lower_bound":81.66347663427675,"upper_bound":141.11981305543623},"point_estimate":106.63345014631946,"standard_error":15.06935920688214},"slope":{"confidence_interval":{"confidence_level":0.95,"lower_bound":37548.26848882729,"upper_bound":38235.242031766655},"point_estimate":37849.793169028344,"standard_error":176.80679076631185},"std_dev":{"confidence_interval":{"confidence_level":0.95,"lower_bound":360.17127264823506,"upper_bound":2101.9686722471474},"point_estimate":1350.6214312012366,"standard_error":459.25991616559315}}