{"mean":{"confidence_interval":{"confidence_level":0.95,"lower_bound":336171274.5095288,"upper_bound":339731097.48134923},"point_estimate":337619341.7703042,"standard_error":947523.3239206102},"median":{"confidence_interval":{"confidence_level":0.95,"lower_bound":335747237.4444444,"upper_bound":338651075.8095238},"point_estimate":336355943.7222222,"standard_error":803238.2593562816},"median_abs_dev":{"confidence_interval":{"confidence_level":0.95,"lower_bound":61165.557651579555,"upper_bound":3329369.9316586414},"point_estimate":1006629.4036828732,"standard_error":857087.2378429419},"slope":{"confidence_interval":{"confidence_level":0.95,"lower_bound":336543617.81637424,"upper_bound":339019635.1981424},"point_estimate":337662309.0467532,"standard_error":624202.0350879565},"std_dev":{"confidence_interval":{"confidence_level":0.95,"lower_bound":731231.5191916932,"upper_bound":4695759.028338814},"point_estimate":3148969.1770962165,"standard_error":1248437.980193363}}