{"mean":{"confidence_interval":{"confidence_level":0.95,"lower_bound":194531522.1,"upper_bound":195147841.726875},"point_estimate":194813270.73,"standard_error":158329.4519978107},"median":{"confidence_interval":{"confidence_level":0.95,"lower_bound":194220067.75,"upper_bound":194384070.5},"point_estimate":194315022.0,"standard_error":43536.6263349736},"median_abs_dev":{"confidence_interval":{"confidence_level":0.95,"lower_bound":280941.57551229,"upper_bound":587756.003165245},"point_estimate":406674.20758008957,"standard_error":84663.01917737519},"slope":null,"std_dev":{"confidence_interval":{"confidence_level":0.95,"lower_bound":942065.1910094366,"upper_bound":2170260.328480297},"point_estimate":1593301.4377032854,"standard_error":316398.4061698946}}