{"mean":{"confidence_interval":{"confidence_level":0.95,"lower_bound":191692273.47262502,"upper_bound":198845369.436125},"point_estimate":194922176.29,"standard_error":1840655.9118214678},"median":{"confidence_interval":{"confidence_level":0.95,"lower_bound":189363200.5,"upper_bound":189865035.0},"point_estimate":189651874.0,"standard_error":135171.66560490945},"median_abs_dev":{"confidence_interval":{"confidence_level":0.95,"lower_bound":691035.7242504138,"upper_bound":1273572.2805395722},"point_estimate":965011.3501176238,"standard_error":156105.35260909813},"slope":null,"std_dev":{"confidence_interval":{"confidence_level":0.95,"lower_bound":9193693.621646447,"upper_bound":25540671.000813145},"point_estimate":18421424.424033016,"standard_error":4149399.585252325}}