{"mean":{"confidence_interval":{"confidence_level":0.95,"lower_bound":168855.0268370264,"upper_bound":171016.22592685523},"point_estimate":169868.62099639353,"standard_error":551.7945356721425},"median":{"confidence_interval":{"confidence_level":0.95,"lower_bound":167608.9100877193,"upper_bound":167844.92708333334},"point_estimate":167780.56583694083,"standard_error":58.225391077791485},"median_abs_dev":{"confidence_interval":{"confidence_level":0.95,"lower_bound":108.1518800220955,"upper_bound":408.5092039339762},"point_estimate":314.91420236688884,"standard_error":73.15129867604013},"slope":{"confidence_interval":{"confidence_level":0.95,"lower_bound":170196.07629248736,"upper_bound":174573.81643461096},"point_estimate":172377.37681197972,"standard_error":1118.1650876026076},"std_dev":{"confidence_interval":{"confidence_level":0.95,"lower_bound":3921.842017978267,"upper_bound":6840.654176638533},"point_estimate":5543.830005743529,"standard_error":744.691741293989}}