{"mean":{"confidence_interval":{"confidence_level":0.95,"lower_bound":169412.47971646322,"upper_bound":171302.66784741043},"point_estimate":170325.1252046945,"standard_error":481.64201394250296},"median":{"confidence_interval":{"confidence_level":0.95,"lower_bound":167479.91777777777,"upper_bound":167763.20731707316},"point_estimate":167514.10641249208,"standard_error":76.13200901876004},"median_abs_dev":{"confidence_interval":{"confidence_level":0.95,"lower_bound":121.07085244904337,"upper_bound":520.0893686645687},"point_estimate":184.2180116108277,"standard_error":105.94659020636252},"slope":{"confidence_interval":{"confidence_level":0.95,"lower_bound":167656.2434221779,"upper_bound":167899.20545014026},"point_estimate":167761.6004546574,"standard_error":62.08239168104685},"std_dev":{"confidence_interval":{"confidence_level":0.95,"lower_bound":3986.47565845286,"upper_bound":5546.768712356097},"point_estimate":4829.893725899657,"standard_error":397.44604141817297}}