{"mean":{"confidence_interval":{"confidence_level":0.95,"lower_bound":281497296.14525855,"upper_bound":283166840.3535},"point_estimate":282312906.4436773,"standard_error":431177.23227222334},"median":{"confidence_interval":{"confidence_level":0.95,"lower_bound":281118112.3333334,"upper_bound":283838775.98333335},"point_estimate":281775606.52116406,"standard_error":831045.1505957764},"median_abs_dev":{"confidence_interval":{"confidence_level":0.95,"lower_bound":268219.63223809074,"upper_bound":2237547.5992089044},"point_estimate":1554598.580953193,"standard_error":556815.897002887},"slope":{"confidence_interval":{"confidence_level":0.95,"lower_bound":281717101.13434374,"upper_bound":283673045.0124777},"point_estimate":282812406.9290043,"standard_error":503642.88263540895},"std_dev":{"confidence_interval":{"confidence_level":0.95,"lower_bound":911990.2913219881,"upper_bound":1632444.4496262327},"point_estimate":1429557.420885008,"standard_error":184450.63463413407}}