{"mean":{"confidence_interval":{"confidence_level":0.95,"lower_bound":6428898116.1,"upper_bound":6580950513.9},"point_estimate":6489805098.6,"standard_error":41021663.60758149},"median":{"confidence_interval":{"confidence_level":0.95,"lower_bound":6416199731.0,"upper_bound":6490203336.5},"point_estimate":6471456657.5,"standard_error":20318236.990354355},"median_abs_dev":{"confidence_interval":{"confidence_level":0.95,"lower_bound":5847727.896282077,"upper_bound":106880931.58768415},"point_estimate":36994970.21480799,"standard_error":27839514.5656293},"slope":null,"std_dev":{"confidence_interval":{"confidence_level":0.95,"lower_bound":28570919.726279866,"upper_bound":207184137.39676374},"point_estimate":136747921.0765187,"standard_error":58634803.691497676}}