{"mean":{"confidence_interval":{"confidence_level":0.95,"lower_bound":242542171.51694497,"upper_bound":244009256.04988098},"point_estimate":243256873.6991171,"standard_error":374396.7590615434},"median":{"confidence_interval":{"confidence_level":0.95,"lower_bound":242100562.296875,"upper_bound":244346191.4097222},"point_estimate":243120462.52916667,"standard_error":554240.6542949402},"median_abs_dev":{"confidence_interval":{"confidence_level":0.95,"lower_bound":323060.5604845403,"upper_bound":2134395.258024412},"point_estimate":1241146.5271352553,"standard_error":468202.3639582768},"slope":{"confidence_interval":{"confidence_level":0.95,"lower_bound":242959320.0079365,"upper_bound":244388662.95957446},"point_estimate":243668185.3383117,"standard_error":367957.9444273543},"std_dev":{"confidence_interval":{"confidence_level":0.95,"lower_bound":720559.6113697432,"upper_bound":1521063.6479233722},"point_estimate":1245328.0673367665,"standard_error":202408.70701171714}}