{"mean":{"confidence_interval":{"confidence_level":0.95,"lower_bound":177555999.04287502,"upper_bound":178615285.95},"point_estimate":178045369.27,"standard_error":269981.6375417614},"median":{"confidence_interval":{"confidence_level":0.95,"lower_bound":176798350.5,"upper_bound":177613133.0},"point_estimate":177159562.0,"standard_error":230442.90119108706},"median_abs_dev":{"confidence_interval":{"confidence_level":0.95,"lower_bound":860097.0162302256,"upper_bound":1850507.4166019256},"point_estimate":1325825.0340119004,"standard_error":258131.4373905268},"slope":null,"std_dev":{"confidence_interval":{"confidence_level":0.95,"lower_bound":1722803.0945951252,"upper_bound":3608764.1036513355},"point_estimate":2723989.163806851,"standard_error":479592.9097733641}}