{"mean":{"confidence_interval":{"confidence_level":0.95,"lower_bound":87140063.57533333,"upper_bound":87306647.72545238},"point_estimate":87221776.74742064,"standard_error":42582.100588300906},"median":{"confidence_interval":{"confidence_level":0.95,"lower_bound":87071604.9,"upper_bound":87333932.36250001},"point_estimate":87230579.11071429,"standard_error":67475.0522032479},"median_abs_dev":{"confidence_interval":{"confidence_level":0.95,"lower_bound":33511.73270438075,"upper_bound":246136.4874252114},"point_estimate":192731.00611933536,"standard_error":54736.80962245083},"slope":{"confidence_interval":{"confidence_level":0.95,"lower_bound":87119650.02707054,"upper_bound":87319253.36810811},"point_estimate":87230228.61766234,"standard_error":51712.52040859739},"std_dev":{"confidence_interval":{"confidence_level":0.95,"lower_bound":87217.07393574461,"upper_bound":171343.10478957708},"point_estimate":142205.44800093453,"standard_error":21399.510486141437}}