{"mean":{"confidence_interval":{"confidence_level":0.95,"lower_bound":352911395.6780952,"upper_bound":353599842.3094444},"point_estimate":353221927.4936508,"standard_error":176934.38171523393},"median":{"confidence_interval":{"confidence_level":0.95,"lower_bound":352754980.875,"upper_bound":353418266.1805556},"point_estimate":353244491.45714283,"standard_error":200035.06082029728},"median_abs_dev":{"confidence_interval":{"confidence_level":0.95,"lower_bound":54650.04114646114,"upper_bound":918067.7459676864},"point_estimate":430627.1133464728,"standard_error":208964.00385488957},"slope":{"confidence_interval":{"confidence_level":0.95,"lower_bound":353190346.51788616,"upper_bound":353639736.3313272},"point_estimate":353372087.6917749,"standard_error":114116.15149281894},"std_dev":{"confidence_interval":{"confidence_level":0.95,"lower_bound":260506.50071427628,"upper_bound":830131.163235741},"point_estimate":590580.032160117,"standard_error":171553.17239729947}}