{"mean":{"confidence_interval":{"confidence_level":0.95,"lower_bound":368292875.16809523,"upper_bound":370231445.0466667},"point_estimate":369126898.5578571,"standard_error":504155.72791521717},"median":{"confidence_interval":{"confidence_level":0.95,"lower_bound":368132263.1,"upper_bound":369949003.4166667},"point_estimate":368462925.4,"standard_error":442453.84915196506},"median_abs_dev":{"confidence_interval":{"confidence_level":0.95,"lower_bound":52928.917900317974,"upper_bound":2203259.22839435},"point_estimate":563996.2513469972,"standard_error":553157.5523929393},"slope":{"confidence_interval":{"confidence_level":0.95,"lower_bound":368155570.35570914,"upper_bound":369549526.911382},"point_estimate":368751693.20519483,"standard_error":356206.62413886277},"std_dev":{"confidence_interval":{"confidence_level":0.95,"lower_bound":408177.73692144296,"upper_bound":2394848.845519647},"point_estimate":1678513.0893669105,"standard_error":549948.8854636304}}