{"mean":{"confidence_interval":{"confidence_level":0.95,"lower_bound":5242511667.4025,"upper_bound":5275611492.47},"point_estimate":5257860584.3,"standard_error":8498018.311753614},"median":{"confidence_interval":{"confidence_level":0.95,"lower_bound":5234919368.0,"upper_bound":5276783560.5},"point_estimate":5248065181.0,"standard_error":10544514.1973487},"median_abs_dev":{"confidence_interval":{"confidence_level":0.95,"lower_bound":2601645.6774115562,"upper_bound":44439037.96564937},"point_estimate":20426085.994264483,"standard_error":10639202.647874989},"slope":null,"std_dev":{"confidence_interval":{"confidence_level":0.95,"lower_bound":8107928.046600947,"upper_bound":34788983.947002165},"point_estimate":28392874.596861385,"standard_error":6150618.025391303}}