{"mean":{"confidence_interval":{"confidence_level":0.95,"lower_bound":3087064014.16625,"upper_bound":3118689009.95},"point_estimate":3103015185.95,"standard_error":8061465.658149969},"median":{"confidence_interval":{"confidence_level":0.95,"lower_bound":3082739634.0,"upper_bound":3122891765.0},"point_estimate":3106128873.5,"standard_error":9277538.111207325},"median_abs_dev":{"confidence_interval":{"confidence_level":0.95,"lower_bound":1450360.837250948,"upper_bound":48340913.44177723},"point_estimate":27710620.428188145,"standard_error":10628642.000601856},"slope":null,"std_dev":{"confidence_interval":{"confidence_level":0.95,"lower_bound":13493652.008523583,"upper_bound":35793661.0171726},"point_estimate":26993860.54176162,"standard_error":5713947.897956306}}