{"mean":{"confidence_interval":{"confidence_level":0.95,"lower_bound":5686338231.1,"upper_bound":5730004364.085},"point_estimate":5704143539.6,"standard_error":11649343.21544908},"median":{"confidence_interval":{"confidence_level":0.95,"lower_bound":5681690240.0,"upper_bound":5711908572.0},"point_estimate":5692669450.5,"standard_error":8321651.905314818},"median_abs_dev":{"confidence_interval":{"confidence_level":0.95,"lower_bound":4334401.779448986,"upper_bound":35844188.71733844},"point_estimate":18040687.901213765,"standard_error":8058823.073970019},"slope":null,"std_dev":{"confidence_interval":{"confidence_level":0.95,"lower_bound":9627393.16998816,"upper_bound":58033010.743037045},"point_estimate":38845541.44967776,"standard_error":15461004.39585072}}