{"mean":{"confidence_interval":{"confidence_level":0.95,"lower_bound":2561232.4832236855,"upper_bound":2594244.285960526},"point_estimate":2576183.158947368,"standard_error":8452.795206312798},"median":{"confidence_interval":{"confidence_level":0.95,"lower_bound":2549343.5,"upper_bound":2553904.1315789474},"point_estimate":2550879.0263157897,"standard_error":1164.2731214875416},"median_abs_dev":{"confidence_interval":{"confidence_level":0.95,"lower_bound":6695.928686386297,"upper_bound":13327.676400228078},"point_estimate":9331.328171178133,"standard_error":1755.6121293154952},"slope":null,"std_dev":{"confidence_interval":{"confidence_level":0.95,"lower_bound":44416.67356906925,"upper_bound":116293.17810486982},"point_estimate":85282.71614429225,"standard_error":18340.932209945255}}