{"mean":{"confidence_interval":{"confidence_level":0.95,"lower_bound":2530693.922105263,"upper_bound":2562954.462631578},"point_estimate":2544567.8447368424,"standard_error":8382.009353729676},"median":{"confidence_interval":{"confidence_level":0.95,"lower_bound":2522964.3684210526,"upper_bound":2528357.5789473685},"point_estimate":2525906.4210526315,"standard_error":1261.9506920183132},"median_abs_dev":{"confidence_interval":{"confidence_level":0.95,"lower_bound":6829.908905060922,"upper_bound":10826.842370942457},"point_estimate":8506.846522657586,"standard_error":1004.2111139099176},"slope":null,"std_dev":{"confidence_interval":{"confidence_level":0.95,"lower_bound":27663.694952609432,"upper_bound":129327.64575781727},"point_estimate":84205.70314273066,"standard_error":26886.449903640056}}