{"mean":{"confidence_interval":{"confidence_level":0.95,"lower_bound":306438239.8918519,"upper_bound":308785840.1220301},"point_estimate":307693568.0740608,"standard_error":601169.9078102593},"median":{"confidence_interval":{"confidence_level":0.95,"lower_bound":306626674.0,"upper_bound":309007880.1111111},"point_estimate":308215631.2833333,"standard_error":754262.7208478227},"median_abs_dev":{"confidence_interval":{"confidence_level":0.95,"lower_bound":235636.33846663768,"upper_bound":3136733.8501007133},"point_estimate":1644858.5564479085,"standard_error":783430.1617433095},"slope":{"confidence_interval":{"confidence_level":0.95,"lower_bound":307300892.5566038,"upper_bound":309320578.54996186},"point_estimate":308283880.86839825,"standard_error":509500.6496314513},"std_dev":{"confidence_interval":{"confidence_level":0.95,"lower_bound":923361.9111050419,"upper_bound":2747257.0397876054},"point_estimate":1999930.4400760597,"standard_error":508653.08314833656}}