{"mean":{"confidence_interval":{"confidence_level":0.95,"lower_bound":5378560386.135,"upper_bound":5446456445.0},"point_estimate":5405149436.8,"standard_error":18635767.364184722},"median":{"confidence_interval":{"confidence_level":0.95,"lower_bound":5375597737.5,"upper_bound":5408252389.0},"point_estimate":5379502673.5,"standard_error":9510994.97953953},"median_abs_dev":{"confidence_interval":{"confidence_level":0.95,"lower_bound":1718097.6360976696,"upper_bound":41131273.65747392},"point_estimate":8650105.749329925,"standard_error":11663041.267533476},"slope":null,"std_dev":{"confidence_interval":{"confidence_level":0.95,"lower_bound":5286392.090321498,"upper_bound":93943301.76443769},"point_estimate":62090634.9816643,"standard_error":27704189.197382133}}