{"mean":{"confidence_interval":{"confidence_level":0.95,"lower_bound":4727042975.3,"upper_bound":5146286305.8},"point_estimate":4879281324.8,"standard_error":122294312.58912547},"median":{"confidence_interval":{"confidence_level":0.95,"lower_bound":4705661248.5,"upper_bound":4819465261.0},"point_estimate":4751729322.0,"standard_error":47761964.78925478},"median_abs_dev":{"confidence_interval":{"confidence_level":0.95,"lower_bound":3702876.4598608017,"upper_bound":133141691.92676246},"point_estimate":67436057.57887065,"standard_error":53404240.52320219},"slope":null,"std_dev":{"confidence_interval":{"confidence_level":0.95,"lower_bound":40743969.449052274,"upper_bound":630918335.6059191},"point_estimate":409968008.3425882,"standard_error":210948786.03506416}}