{"mean":{"confidence_interval":{"confidence_level":0.95,"lower_bound":6563170178.1225,"upper_bound":6595246558.4225},"point_estimate":6578991763.0,"standard_error":8251463.935214662},"median":{"confidence_interval":{"confidence_level":0.95,"lower_bound":6556367499.0,"upper_bound":6606050798.0},"point_estimate":6571831997.0,"standard_error":12452472.262864087},"median_abs_dev":{"confidence_interval":{"confidence_level":0.95,"lower_bound":4517073.663505912,"upper_bound":46835548.145502806},"point_estimate":31382227.0013541,"standard_error":11327592.904748738},"slope":null,"std_dev":{"confidence_interval":{"confidence_level":0.95,"lower_bound":16202220.106571017,"upper_bound":33254528.08483542},"point_estimate":27475174.936860155,"standard_error":4289754.325080355}}