{"mean":{"confidence_interval":{"confidence_level":0.95,"lower_bound":5334191311.1,"upper_bound":5358726105.7},"point_estimate":5345525603.4,"standard_error":6305769.509712981},"median":{"confidence_interval":{"confidence_level":0.95,"lower_bound":5332812253.5,"upper_bound":5362523467.0},"point_estimate":5336687773.5,"standard_error":6571257.609925529},"median_abs_dev":{"confidence_interval":{"confidence_level":0.95,"lower_bound":1048738.5890811682,"upper_bound":32925356.342858076},"point_estimate":11389132.105502486,"standard_error":7862741.463311169},"slope":null,"std_dev":{"confidence_interval":{"confidence_level":0.95,"lower_bound":6803424.919586009,"upper_bound":26770296.898972914},"point_estimate":21150985.93240739,"standard_error":5101057.496285291}}