{"mean":{"confidence_interval":{"confidence_level":0.95,"lower_bound":3594587166.75,"upper_bound":3617656079.06375},"point_estimate":3606605530.5,"standard_error":5911427.371439962},"median":{"confidence_interval":{"confidence_level":0.95,"lower_bound":3597435917.5,"upper_bound":3621409357.0},"point_estimate":3607575566.5,"standard_error":4929666.213721432},"median_abs_dev":{"confidence_interval":{"confidence_level":0.95,"lower_bound":1218000.356376171,"upper_bound":33389644.014765322},"point_estimate":11325376.600134373,"standard_error":9364446.190862484},"slope":null,"std_dev":{"confidence_interval":{"confidence_level":0.95,"lower_bound":8593299.147537678,"upper_bound":26227260.964458726},"point_estimate":19558375.244795837,"standard_error":4598294.599102409}}