{"mean":{"confidence_interval":{"confidence_level":0.95,"lower_bound":154692762.1592361,"upper_bound":155633551.96226853},"point_estimate":155129435.90056217,"standard_error":242671.67109429766},"median":{"confidence_interval":{"confidence_level":0.95,"lower_bound":154512667.22619048,"upper_bound":155904587.5},"point_estimate":154753936.4398148,"standard_error":363050.34391316964},"median_abs_dev":{"confidence_interval":{"confidence_level":0.95,"lower_bound":119174.07309673727,"upper_bound":1256974.1757287083},"point_estimate":541292.4662595617,"standard_error":327808.3387841097},"slope":{"confidence_interval":{"confidence_level":0.95,"lower_bound":154576694.8510558,"upper_bound":155761448.82679883},"point_estimate":155055530.03766233,"standard_error":306059.6032477661},"std_dev":{"confidence_interval":{"confidence_level":0.95,"lower_bound":349603.2496665002,"upper_bound":1018252.6457305421},"point_estimate":809129.1003677445,"standard_error":166223.25216783892}}