{"mean":{"confidence_interval":{"confidence_level":0.95,"lower_bound":24491.345256748882,"upper_bound":24672.182051022657},"point_estimate":24571.340548714932,"standard_error":46.62577846009851},"median":{"confidence_interval":{"confidence_level":0.95,"lower_bound":24455.704786384988,"upper_bound":24642.45998406638},"point_estimate":24515.354598202208,"standard_error":57.145818294837675},"median_abs_dev":{"confidence_interval":{"confidence_level":0.95,"lower_bound":7.797952713074551,"upper_bound":230.12536918746085},"point_estimate":96.53435421318015,"standard_error":61.705071487393205},"slope":{"confidence_interval":{"confidence_level":0.95,"lower_bound":24505.470007113003,"upper_bound":24750.318633390787},"point_estimate":24610.934831299237,"standard_error":64.70809138796524},"std_dev":{"confidence_interval":{"confidence_level":0.95,"lower_bound":58.810597039772105,"upper_bound":217.77545733339974},"point_estimate":155.9547376788243,"standard_error":45.47505846724417}}