{"mean":{"confidence_interval":{"confidence_level":0.95,"lower_bound":4022668204.35,"upper_bound":4047339441.8},"point_estimate":4034699818.25,"standard_error":6299714.39925073},"median":{"confidence_interval":{"confidence_level":0.95,"lower_bound":4018787167.5,"upper_bound":4050875705.75},"point_estimate":4031615259.0,"standard_error":6366702.193010991},"median_abs_dev":{"confidence_interval":{"confidence_level":0.95,"lower_bound":2536440.189269185,"upper_bound":39986122.704054415},"point_estimate":12860407.980582118,"standard_error":10241730.939898364},"slope":null,"std_dev":{"confidence_interval":{"confidence_level":0.95,"lower_bound":10560360.729076192,"upper_bound":26638781.446461987},"point_estimate":20829169.37554001,"standard_error":4180848.5805674563}}