{"mean":{"confidence_interval":{"confidence_level":0.95,"lower_bound":3592757909.9,"upper_bound":3619499280.45},"point_estimate":3605204901.3,"standard_error":6887928.779573272},"median":{"confidence_interval":{"confidence_level":0.95,"lower_bound":3586489538.25,"upper_bound":3621160934.5},"point_estimate":3599440400.5,"standard_error":9481263.281708702},"median_abs_dev":{"confidence_interval":{"confidence_level":0.95,"lower_bound":2708206.4385697246,"upper_bound":38938068.3348611},"point_estimate":19921751.814468205,"standard_error":9230303.77464285},"slope":null,"std_dev":{"confidence_interval":{"confidence_level":0.95,"lower_bound":9979349.503166698,"upper_bound":29528988.627462193},"point_estimate":22888690.24569964,"standard_error":5057753.325214306}}