{"mean":{"confidence_interval":{"confidence_level":0.95,"lower_bound":37137.233137954754,"upper_bound":37276.56115453935},"point_estimate":37191.2205123275,"standard_error":37.32121780695904},"median":{"confidence_interval":{"confidence_level":0.95,"lower_bound":37129.836792836795,"upper_bound":37172.60947507658},"point_estimate":37144.73322148623,"standard_error":11.71128467318852},"median_abs_dev":{"confidence_interval":{"confidence_level":0.95,"lower_bound":69.6193359019172,"upper_bound":134.93989310078499},"point_estimate":96.34431414455531,"standard_error":16.21137553292596},"slope":{"confidence_interval":{"confidence_level":0.95,"lower_bound":37135.80499728502,"upper_bound":37194.05353218507},"point_estimate":37164.029289744896,"standard_error":14.795597006580435},"std_dev":{"confidence_interval":{"confidence_level":0.95,"lower_bound":111.52087102920576,"upper_bound":624.105515337934},"point_estimate":376.86236094817207,"standard_error":174.0989586538493}}