{"mean":{"confidence_interval":{"confidence_level":0.95,"lower_bound":85440.06015793707,"upper_bound":86290.06112187447},"point_estimate":85759.40798507762,"standard_error":233.37937673443076},"median":{"confidence_interval":{"confidence_level":0.95,"lower_bound":85214.55208333333,"upper_bound":85537.69221900472},"point_estimate":85385.46816860465,"standard_error":78.9395718551143},"median_abs_dev":{"confidence_interval":{"confidence_level":0.95,"lower_bound":323.5049177141752,"upper_bound":613.4318980735388},"point_estimate":411.9587815044554,"standard_error":79.47218218125636},"slope":{"confidence_interval":{"confidence_level":0.95,"lower_bound":85278.66404757822,"upper_bound":85540.3282628285},"point_estimate":85401.6026560268,"standard_error":66.83656188173364},"std_dev":{"confidence_interval":{"confidence_level":0.95,"lower_bound":531.4714890994476,"upper_bound":3936.4020158850353},"point_estimate":2346.6743454164716,"standard_error":1174.8501066144654}}