{"mean":{"confidence_interval":{"confidence_level":0.95,"lower_bound":140840096.74120373,"upper_bound":141581791.6790741},"point_estimate":141183740.6239815,"standard_error":191246.68062795745},"median":{"confidence_interval":{"confidence_level":0.95,"lower_bound":140746541.56666666,"upper_bound":141664261.95},"point_estimate":140811429.19444445,"standard_error":253969.9058724802},"median_abs_dev":{"confidence_interval":{"confidence_level":0.95,"lower_bound":28237.4652528539,"upper_bound":993978.7865088882},"point_estimate":131624.86530902976,"standard_error":266011.15012642194},"slope":{"confidence_interval":{"confidence_level":0.95,"lower_bound":140894111.49050087,"upper_bound":141690314.32760322},"point_estimate":141269617.83896104,"standard_error":199690.18840911775},"std_dev":{"confidence_interval":{"confidence_level":0.95,"lower_bound":151524.1994743002,"upper_bound":780332.1491021408},"point_estimate":639142.7128565122,"standard_error":147432.73304352}}