{"mean":{"confidence_interval":{"confidence_level":0.95,"lower_bound":5496874.488050001,"upper_bound":5527976.623125},"point_estimate":5510823.749999999,"standard_error":8032.836013749099},"median":{"confidence_interval":{"confidence_level":0.95,"lower_bound":5490626.5,"upper_bound":5499231.0},"point_estimate":5493207.199999999,"standard_error":2238.760153126683},"median_abs_dev":{"confidence_interval":{"confidence_level":0.95,"lower_bound":15019.33077335413,"upper_bound":23771.11841797884},"point_estimate":19457.642054559183,"standard_error":2131.148646657013},"slope":null,"std_dev":{"confidence_interval":{"confidence_level":0.95,"lower_bound":33930.95045157485,"upper_bound":114075.6461817294},"point_estimate":80948.54957159735,"standard_error":20094.056682750896}}