{"mean":{"confidence_interval":{"confidence_level":0.95,"lower_bound":22374521.018229168,"upper_bound":22511504.43454168},"point_estimate":22435648.91666668,"standard_error":35336.2881722968},"median":{"confidence_interval":{"confidence_level":0.95,"lower_bound":22339394.833333332,"upper_bound":22352649.125},"point_estimate":22345335.083333336,"standard_error":3248.446142933734},"median_abs_dev":{"confidence_interval":{"confidence_level":0.95,"lower_bound":21938.08277489804,"upper_bound":38568.607448391755},"point_estimate":28991.74828529818,"standard_error":4271.927754680644},"slope":null,"std_dev":{"confidence_interval":{"confidence_level":0.95,"lower_bound":155767.34348899272,"upper_bound":510749.59659781295},"point_estimate":355645.31026779755,"standard_error":91720.8221765644}}