{"mean":{"confidence_interval":{"confidence_level":0.95,"lower_bound":190901221.95952383,"upper_bound":191901309.4895},"point_estimate":191339417.56426194,"standard_error":259760.23083089417},"median":{"confidence_interval":{"confidence_level":0.95,"lower_bound":190734186.4,"upper_bound":191721908.86666667},"point_estimate":191009900.59333333,"standard_error":292501.01736233424},"median_abs_dev":{"confidence_interval":{"confidence_level":0.95,"lower_bound":114548.12025637318,"upper_bound":1204524.7537028983},"point_estimate":570030.2503859362,"standard_error":276658.99543001794},"slope":{"confidence_interval":{"confidence_level":0.95,"lower_bound":191055798.29268292,"upper_bound":192065187.02040815},"point_estimate":191499708.63064936,"standard_error":255159.65124543468},"std_dev":{"confidence_interval":{"confidence_level":0.95,"lower_bound":326640.4279982193,"upper_bound":1228137.3900394498},"point_estimate":865219.9978221698,"standard_error":269159.6590611279}}