{"mean":{"confidence_interval":{"confidence_level":0.95,"lower_bound":204692165.14675,"upper_bound":205167326.811},"point_estimate":204918237.715,"standard_error":120964.90911722255},"median":{"confidence_interval":{"confidence_level":0.95,"lower_bound":204396818.25,"upper_bound":204621499.5},"point_estimate":204540810.75,"standard_error":52318.12681506219},"median_abs_dev":{"confidence_interval":{"confidence_level":0.95,"lower_bound":379478.61680790834,"upper_bound":743102.8284072876},"point_estimate":540895.0951471925,"standard_error":91338.18554857657},"slope":null,"std_dev":{"confidence_interval":{"confidence_level":0.95,"lower_bound":861076.9513694062,"upper_bound":1526423.8267522354},"point_estimate":1218548.992680625,"standard_error":169761.46500242568}}