{"mean":{"confidence_interval":{"confidence_level":0.95,"lower_bound":6293780338.8,"upper_bound":6339500220.8},"point_estimate":6317142913.6,"standard_error":11716581.970185151},"median":{"confidence_interval":{"confidence_level":0.95,"lower_bound":6281509752.0,"upper_bound":6353100625.0},"point_estimate":6319282678.0,"standard_error":22147760.27830213},"median_abs_dev":{"confidence_interval":{"confidence_level":0.95,"lower_bound":5327713.36851418,"upper_bound":70149868.61599088},"point_estimate":52799045.60202956,"standard_error":17304155.55321888},"slope":null,"std_dev":{"confidence_interval":{"confidence_level":0.95,"lower_bound":24539745.814011253,"upper_bound":46785029.11891681},"point_estimate":38930961.277327344,"standard_error":5769892.232831885}}