{"mean":{"confidence_interval":{"confidence_level":0.95,"lower_bound":5516520.793333331,"upper_bound":5565664.631111111},"point_estimate":5535434.709999996,"standard_error":13236.585177233625},"median":{"confidence_interval":{"confidence_level":0.95,"lower_bound":5508945.777777778,"upper_bound":5520776.666666667},"point_estimate":5514344.722222222,"standard_error":2914.7914626615852},"median_abs_dev":{"confidence_interval":{"confidence_level":0.95,"lower_bound":19821.45561476564,"upper_bound":38213.60248823999},"point_estimate":27957.964270313045,"standard_error":4744.317426500972},"slope":null,"std_dev":{"confidence_interval":{"confidence_level":0.95,"lower_bound":31777.231772026305,"upper_bound":222015.09479484247},"point_estimate":133413.14887196894,"standard_error":62909.837511878766}}