{"mean":{"confidence_interval":{"confidence_level":0.95,"lower_bound":4009166905.5225,"upper_bound":4033791501.9},"point_estimate":4021532415.9,"standard_error":6308087.844625513},"median":{"confidence_interval":{"confidence_level":0.95,"lower_bound":3997667940.0,"upper_bound":4037629126.5},"point_estimate":4023404964.25,"standard_error":9062875.470086113},"median_abs_dev":{"confidence_interval":{"confidence_level":0.95,"lower_bound":4459531.363977492,"upper_bound":38157711.4756152},"point_estimate":23545688.721330464,"standard_error":9098818.651493268},"slope":null,"std_dev":{"confidence_interval":{"confidence_level":0.95,"lower_bound":12391937.10407247,"upper_bound":25841881.717731565},"point_estimate":20973659.64319163,"standard_error":3464900.7277224073}}