{"mean":{"confidence_interval":{"confidence_level":0.95,"lower_bound":335835372.62268513,"upper_bound":336669405.5151736},"point_estimate":336206691.9268915,"standard_error":215370.93980212806},"median":{"confidence_interval":{"confidence_level":0.95,"lower_bound":335748433.0,"upper_bound":336667103.5925926},"point_estimate":335889089.5,"standard_error":204367.06127228963},"median_abs_dev":{"confidence_interval":{"confidence_level":0.95,"lower_bound":61767.797703419215,"upper_bound":904600.8991650942},"point_estimate":290551.9258194565,"standard_error":218207.09636926692},"slope":{"confidence_interval":{"confidence_level":0.95,"lower_bound":335934430.20230675,"upper_bound":336695449.40623325},"point_estimate":336221521.27359307,"standard_error":194655.3980023275},"std_dev":{"confidence_interval":{"confidence_level":0.95,"lower_bound":161527.85662640177,"upper_bound":945672.5989795054},"point_estimate":717246.9091081363,"standard_error":208970.59394319926}}