{"mean":{"confidence_interval":{"confidence_level":0.95,"lower_bound":2589761.998823529,"upper_bound":2644150.469617648},"point_estimate":2614877.9205882363,"standard_error":13965.144260343586},"median":{"confidence_interval":{"confidence_level":0.95,"lower_bound":2536136.588235294,"upper_bound":2579574.294117647},"point_estimate":2540014.5588235296,"standard_error":9221.636734972779},"median_abs_dev":{"confidence_interval":{"confidence_level":0.95,"lower_bound":13663.772175066408,"upper_bound":75965.50105722528},"point_estimate":20588.429775658533,"standard_error":13705.248234475259},"slope":null,"std_dev":{"confidence_interval":{"confidence_level":0.95,"lower_bound":90225.58082920067,"upper_bound":194084.96418688662},"point_estimate":139793.88513117537,"standard_error":29344.65171891706}}