{"mean":{"confidence_interval":{"confidence_level":0.95,"lower_bound":5622370573.9,"upper_bound":5640093461.2},"point_estimate":5632852978.5,"standard_error":4754487.2847208455},"median":{"confidence_interval":{"confidence_level":0.95,"lower_bound":5630722123.0,"upper_bound":5640761319.0},"point_estimate":5637916302.0,"standard_error":2549775.0642280364},"median_abs_dev":{"confidence_interval":{"confidence_level":0.95,"lower_bound":1350520.3311234713,"upper_bound":13914666.289365292},"point_estimate":4234264.753326774,"standard_error":3429844.8735726606},"slope":null,"std_dev":{"confidence_interval":{"confidence_level":0.95,"lower_bound":3007357.131260921,"upper_bound":23772315.94559686},"point_estimate":15884525.262372475,"standard_error":6521810.937266723}}