{"mean":{"confidence_interval":{"confidence_level":0.95,"lower_bound":5886200635.2675,"upper_bound":5904855965.81},"point_estimate":5895261477.3,"standard_error":4783399.9498286825},"median":{"confidence_interval":{"confidence_level":0.95,"lower_bound":5881142037.5,"upper_bound":5910224177.0},"point_estimate":5893928056.5,"standard_error":6597807.070170697},"median_abs_dev":{"confidence_interval":{"confidence_level":0.95,"lower_bound":2165181.588560343,"upper_bound":29684632.24029243},"point_estimate":13642779.693192244,"standard_error":6397911.2021120135},"slope":null,"std_dev":{"confidence_interval":{"confidence_level":0.95,"lower_bound":8816410.248087203,"upper_bound":19621265.72298277},"point_estimate":15899835.829598507,"standard_error":2755377.074334672}}