{"mean":{"confidence_interval":{"confidence_level":0.95,"lower_bound":2105196.8540240587,"upper_bound":2138538.029928012},"point_estimate":2121571.8261166755,"standard_error":8442.337662598062},"median":{"confidence_interval":{"confidence_level":0.95,"lower_bound":2104879.049180328,"upper_bound":2139525.7308572615},"point_estimate":2125167.585002035,"standard_error":9396.230867313861},"median_abs_dev":{"confidence_interval":{"confidence_level":0.95,"lower_bound":55348.506269901634,"upper_bound":106445.92206277588},"point_estimate":81994.97061443477,"standard_error":12052.539704974248},"slope":{"confidence_interval":{"confidence_level":0.95,"lower_bound":2073916.2518739558,"upper_bound":2112878.2574556866},"point_estimate":2092879.3600729029,"standard_error":9965.52835927872},"std_dev":{"confidence_interval":{"confidence_level":0.95,"lower_bound":74069.65942276535,"upper_bound":94916.07919109575},"point_estimate":85260.86622656594,"standard_error":5323.431182084253}}