{"mean":{"confidence_interval":{"confidence_level":0.95,"lower_bound":178467592.87562498,"upper_bound":179918405.225},"point_estimate":179129462.385,"standard_error":372259.85531945445},"median":{"confidence_interval":{"confidence_level":0.95,"lower_bound":177519946.0,"upper_bound":177876218.5},"point_estimate":177589701.5,"standard_error":79304.72372386116},"median_abs_dev":{"confidence_interval":{"confidence_level":0.95,"lower_bound":323128.11453457933,"upper_bound":899611.2707287073},"point_estimate":534321.9881638885,"standard_error":145497.09607811377},"slope":null,"std_dev":{"confidence_interval":{"confidence_level":0.95,"lower_bound":2081465.630122898,"upper_bound":5136470.781581727},"point_estimate":3758229.7270998447,"standard_error":775291.2012765699}}