{"mean":{"confidence_interval":{"confidence_level":0.95,"lower_bound":291935.6429529776,"upper_bound":294503.32736341323},"point_estimate":293226.6606197491,"standard_error":648.0007827713353},"median":{"confidence_interval":{"confidence_level":0.95,"lower_bound":293086.2817982456,"upper_bound":295501.6639492754},"point_estimate":293668.9649470899,"standard_error":673.7394758452475},"median_abs_dev":{"confidence_interval":{"confidence_level":0.95,"lower_bound":3703.9486661293145,"upper_bound":9965.834696234995},"point_estimate":6041.856117627675,"standard_error":1610.4515499978259},"slope":{"confidence_interval":{"confidence_level":0.95,"lower_bound":287709.5052986011,"upper_bound":290750.0394779392},"point_estimate":289088.97647258756,"standard_error":772.3362877757687},"std_dev":{"confidence_interval":{"confidence_level":0.95,"lower_bound":5520.477298533654,"upper_bound":7567.4137037717865},"point_estimate":6494.876626564659,"standard_error":534.2881103547033}}