{"mean":{"confidence_interval":{"confidence_level":0.95,"lower_bound":294246.4272418519,"upper_bound":295258.44019351876},"point_estimate":294670.1211218067,"standard_error":264.36274537252854},"median":{"confidence_interval":{"confidence_level":0.95,"lower_bound":294092.375,"upper_bound":294382.27309782605},"point_estimate":294223.6094364937,"standard_error":85.60092470579026},"median_abs_dev":{"confidence_interval":{"confidence_level":0.95,"lower_bound":488.65829246094233,"upper_bound":1139.379826983604},"point_estimate":785.0178865883306,"standard_error":168.91868532852766},"slope":{"confidence_interval":{"confidence_level":0.95,"lower_bound":294392.8246913293,"upper_bound":295212.88877013733},"point_estimate":294775.77167873504,"standard_error":210.38433144859326},"std_dev":{"confidence_interval":{"confidence_level":0.95,"lower_bound":1031.4488167052602,"upper_bound":4200.452374898674},"point_estimate":2661.15556636774,"standard_error":973.7788577481872}}